# kQSO callsign DB | set=sat | version=1 | updated=2026-09-25
SA5IKN	JO89TT	20260925	1
JA7IUX	QN00IT	20260925	1
SP7THC	JO91RS	20260925	1
BG9ENZ	OM44KG	20260925	1
BY1WQN	OM89FV	20260925	1
F5OBI	JN18DV	20260925	1
OM0AMR	KN09PH	20260925	1
G0WXJ	IO82VE	20260925	1
F4IYU	JN19AA	20260925	1
IW3HOI	JN55MA	20260925	1
R4VR	LO23GG	20260925	1
VA7LM	CO54QB	20260925	1
DJ1NI	JO32MA	20260925	1
R5AG	KO85TS	20260925	1
R2AG	KO85TS	20260925	1
R2VA	KO96AA	20260925	1
IW0RGN	JN62EW	20260925	1
RC3XC	KO74RK	20260925	1
UA3AWY	KO85TS	20260925	1
4L1AX	LN21JQ	20260925	1
N1QDQ	FN31NO	20260925	1
OK2ZC	JN89HI	20260925	1
OZ9AAR	JO45US	20260925	1
CT1CT	IM58KQ	20260925	1
I3IBE	JN55MA	20260925	1
4J6A	LN40VK	20260925	1
DJ7ZZ	JO30VJ	20260925	1
HB9AOF	JN36AD	20260925	1
ER1CW	KN47KA	20260925	1
G0MOH	IO91WM	20260925	1
S57A	JN65TW	20260925	1
ON6AB	JO21EC	20260925	1
G1AAK	IO83PI	20260925	1
F4IOZ	JN19AA	20260925	1
DG7LAZ	JO32MA	20260925	1
BG6ZQV	OM81OU	20260925	1
R4ABD	LN29BR	20260925	1
CY0S	GN03AW	20260925	1
VA3MY	FN03IR	20260925	1
OK1YC	JO70FB	20260925	1
PI4CC	JO21EV	20260925	1
IZ0EEG	JN61FX	20260925	1
JA1CUF	PM95VQ	20260925	1
DL2GRS	JO32MA	20260925	1
HR1JBR	EK64JC	20260925	1
VA3VGR	FN03JT	20260925	1
DB5KN	JO31NA	20260925	1
VR2UNG	OL72BJ	20260925	1
OK2KG	JN89HE	20260925	1
VR2XMT	OL72BL	20260925	1
EA1GGE	IN72FN	20260925	1
IZ6RWD	JN72FH	20260925	1
HS6MYW	OK03GS	20260925	1
N2FYA	FN41AI	20260925	1
EA5GHD	IM98NE	20260925	1
HB4AHO	JN36BE	20260925	1
EA3A	JN11CK	20260925	1
IZ8PPI	JN61GV	20260925	1
YU4SMT	KN04FT	20260925	1
RW0CW	QN08DX	20260925	1
DJ3RO	JO62RM	20260925	1
A71EM	LL55SG	20260925	1
YT1CI	KN04FT	20260925	1
ON5RI	JO21AA	20260925	1
GJ6WRI	IN89VF	20260925	1
K1VZI	FN43DM	20260925	1
DL9AP	JN48EL	20260925	1
RC2DN	KO85LQ	20260925	1
JR2ZJ	PM85KE	20260925	1
BH8DKD	OM20AQ	20260925	1
KE5NJ	FM29EG	20260925	1
DK8WU	JO32MA	20260925	1
IK3RIQ	JN65BK	20260925	1
YO2DNO	KN34BK	20260925	1
DJ4RO	JO62RM	20260925	1
IZ8EYN	JN61GV	20260925	1
JR6RKM	PL36XL	20260925	1
E29EHU	NJ97TN	20260925	1
F5PZQ	JN18DX	20260925	1
EA8DID	IL18UL	20260925	1
UN0NZZ	MN42TH	20260925	1
PA3GAN	JO21CW	20260925	1
EA1DR	IN81DJ	20260925	1
YO2LOG	KN34BK	20260925	1
IZ8EIN	JN71AA	20260925	1
OH1NHW	JN54AA	20260925	1
JN1PFW	PM95VQ	20260925	1
ON3GMB	JO20PW	20260925	1
HA5BWN	JN97MM	20260925	1
IW8APX	JN71AA	20260925	1
YU0W	KN04FT	20260925	1
N2ACQ	EM97XF	20260925	1
KO4PDI	EM83VE	20260925	1
SV8CS	JM99VP	20260925	1
R3VA	LO05IO	20260925	1
G0CRV	IO91WM	20260925	1
G8XXL	IO91WM	20260925	1
BH3GIS	ON40US	20260925	1
F5WBI	JN19AA	20260925	1
R6BY	KN95RI	20260925	1
DH1OK	JN48RW	20260925	1
DH8IAT	JN49GC	20260925	1
IK0UFG	JN62AA	20260925	1
G1XXT	IO91WM	20260925	1
DM1DDD	JO32MA	20260925	1
EA3YAK	JN11CK	20260925	1
M0NC	IO91WM	20260925	1
IK7MQ	JN80MA	20260925	1
HA5BW	JN97MO	20260925	1
M0MLJ	IO93LE	20260925	1
DK6DBG	JO32MA	20260925	1
DL6KPG	JO32MA	20260925	1
G6UST	IO91WM	20260925	1
DF6WU	JO32MA	20260925	1
G1AK	IO91WM	20260925	1
IK3XJZ	JN55MA	20260925	1
R4WK	LO67JG	20260925	1
JK1VOC	PM95VQ	20260925	1
PA3EKG	JO22KJ	20260925	1
ON7FL	JO21AA	20260925	1
DC0OA	JO32MA	20260925	1
AB5BR	EM11VW	20260925	1
RA9CAD	NO66MA	20260925	1
IQ5MS	DK89XK	20260925	1
IV3JR	JN66OB	20260925	1
JI2HVL	PM85KE	20260925	1
PA0JT	JO22MA	20260925	1
IZ6GZM	JN63AA	20260925	1
VU2AAP	ML88OP	20260925	1
PA2DX	JO22KJ	20260925	1
M0SKM	IO91WM	20260925	1
G4AAK	IO91WM	20260925	1
IW3FNV	JN55MA	20260925	1
R4WR	LO67JG	20260925	1
ON4PLX	JO21AA	20260925	1
IW7EGI	JN80NO	20260925	1
JM2FCJ	PM95VQ	20260925	1
F4FCH	JN16DU	20260925	1
VR2WTM	OL72CH	20260925	1
F5CAV	JN18EU	20260925	1
N1AME	EM15HL	20260925	1
G3HUA	IO91WM	20260925	1
DL6GBM	JO62RM	20260925	1
JA1IAS	PM95VQ	20260925	1
F5PUS	JN18EU	20260925	1
IZ0AXF	JN61KR	20260925	1
UN0NA	MN42TH	20260925	1
IK8SLD	JN71AA	20260925	1
UN7NU	MN42TH	20260925	1
BG5UZW	OL96PD	20260925	1
F1SMV	JN23WB	20260925	1
G4PWP	IO91WM	20260925	1
GM0SKM	IO75VV	20260925	1
9K2NH	LL39XH	20260925	1
LZ50KIS	KN23MA	20260925	1
LZ500IS	KN23MA	20260925	1
YO3CBZ	KN34BK	20260925	1
DK9JC	JN39MF	20260925	1
CT1ETE	IN51UK	20260925	1
EA7GVZ	IN81DJ	20260925	1
N5UC	EM54LL	20260925	1
IU2KNG	JN45AA	20260925	1
EA5GCV	IM99BA	20260925	1
FN67AE	JN19AA	20260925	1
BI1NJI	OM89FV	20260925	1
IK7DOC	JN80MA	20260925	1
G3QUA	IO91WM	20260925	1
M5JFS	IO91WM	20260925	1
JE2DIR	PM85KE	20260925	1
DG0JMB	JO60LV	20260925	1
I6IQE	JN63AA	20260925	1
4O4A	JN92OG	20260925	1
N8JCM	EN81JI	20260925	1
DK5UC	JN49CI	20260925	1
MO4MX	IO91WM	20260925	1
IK2CAW	JN45PK	20260925	1
IZ0JNY	JN61GV	20260925	1
YU1EW	KN03WH	20260925	1
VE3PWP	FN25QH	20260925	1
M5JFC	IO91WM	20260925	1
DD7PL	JO32MA	20260925	1
G4ZWP	IO91WM	20260925	1
A65BI	LL75QH	20260925	1
SQ99MES	KO02MF	20260925	1
BG8PM	OM89FV	20260925	1
IK3ITB	JN61GV	20260925	1
DF8WU	JO32MA	20260925	1
KF6JOQ	DM05LI	20260925	1
KC3TNV	FN20XR	20260925	1
OZ9AAZ	JO65GQ	20260925	1
LY1CW	KO24OJ	20260925	1
SM7FWZ	JO77EQ	20260925	1
EA5RT	IM99XX	20260925	1
IK8FLD	JN71AA	20260925	1
F5RDS	JN18EU	20260925	1
SP2IPK	JO93LR	20260925	1
DL6GPM	JO32MA	20260925	1
UA9LID	MO47MT	20260925	1
XE3ISS	EL61RC	20260925	1
PB2T	JO21RX	20260925	1
DL4KCA	JO30JX	20260925	1
W7JWC	DN06JD	20260925	1
CU2EQ	HM78ES	20260925	1
KB7ADL	DN55SU	20260925	1
HA2ZB	JN97MM	20260925	1
R30SRR	KO96AA	20260925	1
4XAJ	KM71OS	20260925	1
LY5V	KO26JE	20260925	1
R0DX	PN68CO	20260925	1
JW7EK	JQ78SF	20260925	1
R0CM	PO84JT	20260925	1
DG0RE	JO32MA	20260925	1
TK1YRC	JN41IW	20260925	1
OX3AH	GP44AA	20260925	1
N0GVK	EN00JC	20260925	1
XE1MYO	EK09KL	20260925	1
DH1MJ	JO31TA	20260925	1
JA1VVS	PM95VQ	20260925	1
BG9HKP	OM16UD	20260925	1
DF8VU	JO32MA	20260925	1
IU1LCI	JN45AA	20260925	1
EB2CDU	IN92EE	20260925	1
EA8DGA	IL18UL	20260925	1
DO5HMK	JO62RM	20260925	1
PD1B	JO32GQ	20260925	1
IK3XJU	JN61GV	20260925	1
BH8SBY	OL15IB	20260925	1
GQ1KOT	IO91WM	20260925	1
GQ1AAK	IO91WM	20260925	1
EA3EA	JN01UM	20260925	1
9M6NA	OJ04XF	20260925	1
DL2GRC	JN48KO	20260925	1
SP9TT	JO90XB	20260925	1
C31PP	JN02SM	20260925	1
DG7RO	JN58RG	20260925	1
LY5VP	KO24OJ	20260925	1
ON7CR	JO20DU	20260925	1
YS2CBV	EK53FX	20260925	1
LU2FSC	GF05TJ	20260925	1
XE1UYS	DL55MT	20260925	1
KN4ZXK	EL98IS	20260925	1
IZ2ODM	JN61GV	20260925	1
F4CIB	JN03RO	20260925	1
IN3ZVF	JN56QM	20260925	1
DL6AN	JN48LL	20260925	1
DO7PL	JO62RM	20260925	1
JA1UAV	PM95VQ	20260925	1
BD5EHA	PM00CG	20260925	1
ON7CW	JO20DU	20260925	1
EA3B	JN11CK	20260925	1
JA3YEB	PM95VQ	20260925	1
JR7XRF	QM08KG	20260925	1
JL2SAM	PM85KE	20260925	1
YT1EN	KN04FT	20260925	1
N1NN	FN41KR	20260925	1
ND9M	EM70DE	20260925	1
KE4NF	FM18LV	20260925	1
RA3DJW	KO85LQ	20260925	1
TY5AB	JJ16HL	20260925	1
D2TX	JI61OF	20260925	1
JH5AYU	PM63SN	20260925	1
JR3JNQ	PM75VA	20260925	1
JA1BBK	PM95VQ	20260925	1
LU3EQ	GF05TJ	20260925	1
LU4FTA	FF96AG	20260925	1
LU9MBK	GF05TJ	20260925	1
KP3V	FK78DI	20260925	1
SM0IGU	JO99AH	20260925	1
PY2PIM	GG66QK	20260925	1
PY2HZ	GG48RB	20260925	1
8P9NF	GK03EC	20260925	1
DL6JZ	JO62VT	20260925	1
YV2PM	FJ48LU	20260925	1
JO1ZVL	PM95VQ	20260925	1
AA2HJ	CM97EE	20260925	1
EA5EF	IM99LO	20260925	1
IZ0AEF	JN62AA	20260925	1
XE1KW	DK89DG	20260925	1
N8CJM	EN74VG	20260925	1
VE3KG	FN15PL	20260925	1
VO1FUA	GN28GL	20260925	1
XE1ZD	DL83MA	20260925	1
KJ5Z	EM20VI	20260925	1
W4HFN	EM83VE	20260925	1
IZ8PPJ	JM88EH	20260925	1
HB9RYZ	JN36BE	20260925	1
IU5HWS	JN53MA	20260925	1
RK6MS	LN07OU	20260925	1
LA4FP	JO39AA	20260925	1
VO1NC	GN38JA	20260925	1
CT3PP	IM12NP	20260925	1
JH8FIS	PM95VQ	20260925	1
YU4YY	KN04FT	20260925	1
M5ADQ	IO91WM	20260925	1
R0JZN	PO33VN	20260925	1
BY1PK	OM89FV	20260925	1
E29AHO	NJ97TN	20260925	1
AA1XP	FN31LW	20260925	1
DL5NEB	JO62RM	20260925	1
BG9AHO	OM44KG	20260925	1
KN2K	FM18FG	20260925	1
WA4HFN	EM55AA	20260925	1
EG1FAG	IN72FN	20260925	1
BD5EHO	PM00CG	20260925	1
W8AF	EM99SA	20260925	1
DL1AP	JO42UH	20260925	1
EA5Y	IN81DJ	20260925	1
AB0BE	EM46NT	20260925	1
EA1URP	IN72RA	20260925	1
K5JBT	EL29DS	20260925	1
PY3YD	GG30DH	20260925	1
WA7OCZ	CN98DE	20260925	1
LU8GMM	GF05TJ	20260925	1
R2AJP	KO85TS	20260925	1
OA4EA	FH17LX	20260925	1
K3SJH	FN20AJ	20260925	1
CA1CUO	FF46QM	20260925	1
BY0AB	NN33ST	20260925	1
9A1QA	JN75XT	20260925	1
CO2ESP	EL83TC	20260925	1
M3DWB	IO91WM	20260925	1
LU3FCA	FF98PJ	20260925	1
G0FM	IO91WM	20260925	1
IK7FMQ	JN90CI	20260925	1
SP2NBH	KO02MF	20260925	1
EA7IK	IM77AJ	20260925	1
MD0ILE	IO74SE	20260925	1
N5EKO	EM20FA	20260925	1
EB1TK	IN73DM	20260925	1
BG6UZV	OM70DO	20260925	1
DC1OP	JO32MA	20260925	1
OE3KDC	JN77GL	20260925	1
LU2HW	GF05TJ	20260925	1
PY3DU	GG66TQ	20260925	1
KC4CJ	EM83VE	20260925	1
WB2TQE	EL96VH	20260925	1
K2L	FN21RE	20260925	1
W8MTB	EN81JI	20260925	1
KE8RUJ	EN81JI	20260925	1
BH8SBH	OL15IB	20260925	1
EA3GJ	JN11CK	20260925	1
KE8QQI	EN81JI	20260925	1
K8CLP	EN91RF	20260925	1
WS8EMT	EN81JI	20260925	1
K8AJM	EN81JI	20260925	1
RL3F	KO95AR	20260925	1
A65BG	LL75PG	20260925	1
S57NAS	JN76GB	20260925	1
N5ZNL	EM42WI	20260925	1
IK7FMB	JN80MA	20260925	1
K4LRG	FM19FC	20260925	1
KC4CS	FN20XR	20260925	1
AC9DX	EN44HW	20260925	1
WA8FLW	EN81JI	20260925	1
N9CNY	EM74OF	20260925	1
JK4JKL	PM75CJ	20260925	1
GB70J	IO91WM	20260925	1
KC2IEB	FM29LV	20260925	1
ON5QM	JO21AA	20260925	1
SQ7PGP	JO91IO	20260925	1
LA3TK	JO59IW	20260925	1
JK2XXK	PM85RL	20260925	1
R7XDR	LN13QN	20260925	1
JA1CAF	PM95VQ	20260925	1
DL5FLW	JO32MA	20260925	1
IK0AXF	JN62AA	20260925	1
WA2FZW	FN20TP	20260925	1
K8SE	EN80KN	20260925	1
R65BR	KO96AA	20260925	1
KE8FTZ	EN91MN	20260925	1
VE2ZYD	FN25XU	20260925	1
NA1MH	EM36TH	20260925	1
JS2DRQ	PM85KE	20260925	1
AA7N	CN88TS	20260925	1
JO1KVZ	PM95VQ	20260925	1
JK7KPI	QN00IT	20260925	1
R9SCN	LO72TD	20260925	1
MQ0NKC	IO91LL	20260925	1
KG7NDY	CN85QM	20260925	1
OM8WJ	KN08PR	20260925	1
G0FMZ	IO91WM	20260925	1
W3IRL	EN64HT	20260925	1
EA2DR	IN83MI	20260925	1
PA5OXW	JO22MA	20260925	1
EA1KE	IN63XN	20260925	1
IW2DMI	JN45AA	20260925	1
IK7FUQ	JN80MA	20260925	1
UN7FJD	MO82LG	20260925	1
DB0ER	JO32MA	20260925	1
BA3PK	OM78GA	20260925	1
KN4NN	EM70TE	20260925	1
KI4SIY	FM02AT	20260925	1
PA0A	JO33DE	20260925	1
C5C	IK13QL	20260925	1
VE2PU	FN35DM	20260925	1
JI2CVL	PM85KE	20260925	1
M0KSM	IO91WM	20260925	1
IK0WFG	JN62AA	20260925	1
JR6CDH	PM53GO	20260925	1
IT9FFT	JM68QB	20260925	1
TA4L	KM56IV	20260925	1
AM25URC	IM99BA	20260925	1
NL7WK	BO49IJ	20260925	1
IZ8MNL	JM89GO	20260925	1
F5TPL	JN18EU	20260925	1
F4KLD	JN18EU	20260925	1
EA8TL	IL18QG	20260925	1
II5RCH	JN53MA	20260925	1
KD2GFL	FM29JR	20260925	1
RP77GB	KO96AA	20260925	1
RP77H	KO96AA	20260925	1
RP77P	KO96AA	20260925	1
RP77PK	KO96AA	20260925	1
EA5BJM	IM99BA	20260925	1
W7JGC	DN11RG	20260925	1
IS0KEB	JN40GR	20260925	1
RF2FBH	KO04DK	20260925	1
PD9BG	JO22MA	20260925	1
EA1CMV	IN72FN	20260925	1
PE1KL	JO22PD	20260925	1
R5AQ	NO66MA	20260925	1
IK43QQ	JN54AA	20260925	1
G0HFL	IO92IN	20260925	1
HB9TWU	JN36CL	20260925	1
GI3WRI	IO74AO	20260925	1
EA1IQ	IN81DJ	20260925	1
IW3FGT	JN55MA	20260925	1
R3DPH	KO96BH	20260925	1
G5DOL	IO91WM	20260925	1
F4TWX	JN19AA	20260925	1
SM0TGU	JO89WK	20260925	1
RW3DY	KO85GN	20260925	1
RN6AM	KN95KA	20260925	1
VU2LBW	MK82TV	20260925	1
EA7KNT	IM77AJ	20260925	1
EA3GFQ	JN11CK	20260925	1
IK6GGM	JN63AA	20260925	1
RL30FO	KO96AA	20260925	1
YO4AUL	KN44HE	20260925	1
DO5RW	JN48HE	20260925	1
BA1PX	OM89FV	20260925	1
F4VUV	JN19AA	20260925	1
BG2CTY	PN35HS	20260925	1
DC1OA	JO62RM	20260925	1
9K2RA	JN78HD	20260925	1
F6CMW	JN18EU	20260925	1
ST2QCW	KK65GO	20260925	1
R9CT	MO08PQ	20260925	1
JK1LSE	PM95VQ	20260925	1
9K2AR	LL39XH	20260925	1
BY0BA	NN33ST	20260925	1
F5JRQ	JN18EU	20260925	1
SP2QCW	JO93LR	20260925	1
JM4WUZ	PM64QL	20260925	1
G0HLF	IO91WM	20260925	1
IZ8PPT	JN71AA	20260925	1
EA2PW	IN91WB	20260925	1
IK6LLJ	JN62WW	20260925	1
EA2BIM	IN92EE	20260925	1
IK5KOV	JN53MA	20260925	1
IK7PMB	JN80MA	20260925	1
EA3AJI	JN01TJ	20260925	1
N8HI	EN81JI	20260925	1
EC1CT	IN73XD	20260925	1
PD0A	JO32HI	20260925	1
IK7DKS	JN80MA	20260925	1
IZ3GYS	JN65GO	20260925	1
EA3AYN	JN11CK	20260925	1
NA1ME	FN54BA	20260925	1
DG1ABV	JO32MA	20260925	1
G3OIA	IO91WM	20260925	1
OE6ISP	JN77RB	20260925	1
OE2KEU	JO94HI	20260925	1
RV9CHF	MO08PQ	20260925	1
EB3FWC	JN11CK	20260925	1
4J6D	LN40VK	20260925	1
IK9DOC	JM68QB	20260925	1
IW7DKQ	JN80MA	20260925	1
OM5LD	JN98AH	20260925	1
9A1CAL	JN86FJ	20260925	1
R7XD	LN13QN	20260925	1
A65BR	LL75SL	20260925	1
UB3DVA	KO85LQ	20260925	1
BG0XWF	NN33ST	20260925	1
JJ2QXI	PM95VQ	20260925	1
VE3ZLJ	EN93WV	20260925	1
EA1CCM	IN52PG	20260925	1
K9MU	EN44GT	20260925	1
9K2HN	LL39XI	20260925	1
DL75RLP	JO32MA	20260925	1
F4CAH	JN19AA	20260925	1
IO72OT	JN80MA	20260925	1
JL1ETP	PM95VQ	20260925	1
K8RJU	EN81JI	20260925	1
IB4PMB	JN54AA	20260925	1
4X6JA	KM72MA	20260925	1
ON75LR	JO21AA	20260925	1
ON75CLR	JO21AA	20260925	1
JE4KQH	PM75AC	20260925	1
YO7CFB	KN14VH	20260925	1
JO1LVZ	PM95RT	20260925	1
R1BAV	KO59DW	20260925	1
EH3CAT	JN11CK	20260925	1
SP9HE	JO90HD	20260925	1
M1DD	IO91WM	20260925	1
I5EUS	JN54AB	20260925	1
SP9TTS	KO02MF	20260925	1
JK1XLD	PM95VQ	20260925	1
ON7LC	JO21AA	20260925	1
R0STM	OO37AI	20260925	1
XE2YWH	DL92AG	20260925	1
K5DNA	EM35TB	20260925	1
VK6GC	QF44NR	20260925	1
VE3AAZ	EN93MI	20260925	1
7K4GUR	PM95VQ	20260925	1
VY2XU	FN86QD	20260925	1
HB1CT	JN36BE	20260925	1
JN1BFH	PM95VQ	20260925	1
EA1RS	IN81DJ	20260925	1
NJ1O	FN54IN	20260925	1
ON75CRD	JO21AA	20260925	1
R6XD	LN13QN	20260925	1
EA3IKA	JN11CK	20260925	1
IZ5CMI	JN53EN	20260925	1
BG7XWF	OL42DU	20260925	1
ES1OV	KO29JK	20260925	1
R0SC	OO37AI	20260925	1
EA7EZ	IM77AJ	20260925	1
JR6DI	PL36XL	20260925	1
SP8SN	KO11FI	20260925	1
BH6KOK	OM64TT	20260925	1
YD1RUH	OI33TC	20260925	1
F4BKW	JN19AA	20260925	1
BG9ENH	OM44KG	20260925	1
I1DMT	JN45AA	20260925	1
BA4VE	OM89FV	20260925	1
JA3IKC	PM75VA	20260925	1
ES1TN	KO29JK	20260925	1
BH7AHS	OL68LF	20260925	1
IK3RGK	JN55MA	20260925	1
RZ0CQ	PN78MM	20260925	1
7L1ETP	PM95VQ	20260925	1
VU2PEP	ML88OP	20260925	1
UB8A	MO04DM	20260925	1
JR6RMK	PL36UF	20260925	1
BG9EHO	OM44KG	20260925	1
JH6QOK	PM53GO	20260925	1
ON1ON	JO20DU	20260925	1
UT7LA	KN89DX	20260925	1
OZ2DAK	JO44XX	20260925	1
RL6MC	LN07OU	20260925	1
BA4VFV	OM92JB	20260925	1
AL7A	CO28QI	20260925	1
IW0BJP	JN62EK	20260925	1
IU1BPR	JN45AA	20260925	1
OE3KUE	JN78TF	20260925	1
JS6DRQ	PL36XL	20260925	1
OH1FOL	KP20LE	20260925	1
UT7LIK	KN89DL	20260925	1
IW1QCW	JN45AA	20260925	1
A68A	LL74EL	20260925	1
UT7LK	KO80DA	20260925	1
UR7IMM	KO50DE	20260925	1
IW4BIF	JN64CK	20260925	1
IC8GEP	JN70CN	20260925	1
IK4ZBH	JN54AA	20260925	1
G0SQL	IO91WM	20260925	1
ON7CRD	JO21AA	20260925	1
DL9MD	JO31MB	20260925	1
R0SCN	OO37AI	20260925	1
ON75CRB	JO21AA	20260925	1
JF3PRW	PM75VA	20260925	1
F4OQU	JN26LG	20260925	1
LW2XL	FE51JU	20260925	1
JU2WP	ON66PQ	20260925	1
IU8PAX	JN61GV	20260925	1
XE2AHN	DL95TP	20260925	1
K7VN3	DN11RG	20260925	1
YU6UO	KN04FT	20260925	1
YO9CMC	KN25LW	20260925	1
DG6CG	LO24FK	20260925	1
HG7HZ	JN97MM	20260925	1
ES10V	KO29JK	20260925	1
W1SZ	FN42LU	20260925	1
JA1HCB	PM95VQ	20260925	1
JH0BBE	PM95VQ	20260925	1
EA6Z	JM19HO	20260925	1
R0SCR	OO37AI	20260925	1
JA7TTU	QN00IT	20260925	1
NK2K	FN30RU	20260925	1
IT9YAF	JM67WI	20260925	1
EA7Z	IN81DJ	20260925	1
OK1INO	JO70FB	20260925	1
IT9JAF	JM68QB	20260925	1
IK4PM	JN54AA	20260925	1
BA7LVG	OL63OD	20260925	1
4X1LA	KM72MA	20260925	1
OH8NGT	KP20LE	20260925	1
PD4DB	JO22MA	20260925	1
F4DPH	JN19AA	20260925	1
IT9YOF	JM68QB	20260925	1
EA3OUA	JN11CK	20260925	1
IK0OSO	JN62AA	20260925	1
RW6MAO	LN07OU	20260925	1
A61NN	LL75QI	20260925	1
LA6XK	JO59IW	20260925	1
R900RO	NO59UV	20260925	1
JU1WM	ON37PS	20260925	1
IK4PBM	JN54AA	20260925	1
R0CBY	PO84JT	20260925	1
IK3RIO	JN55MA	20260925	1
DL0AX	JO32MA	20260925	1
ES1ON	KO29JK	20260925	1
7K4ZUR	PM75CJ	20260925	1
BA1PK	OM89EV	20260925	1
JM2FCM	PM85KE	20260925	1
I5EKS	JN53MA	20260925	1
IU1CIL	JN45AA	20260925	1
IU1IC	JN45AA	20260925	1
F1BKV	JN19AA	20260925	1
JR0UIU	PM95VQ	20260925	1
PD4HDB	JO32HN	20260925	1
BA2PK	PN23QU	20260925	1
OH1ON	KP20LE	20260925	1
OM5KV	JN97AS	20260925	1
A65GC	LL74EL	20260925	1
PK3LBK	OI62IS	20260925	1
AA4SS	FM07AC	20260925	1
UR5HVW	KN69SN	20260925	1
PD4HOB	JO22MA	20260925	1
R8IAZ	NO18BS	20260925	1
IU5MPW	JN61GV	20260925	1
EI4RM	IO63WI	20260925	1
R0STN	OO37AI	20260925	1
DL6AM	JO32MA	20260925	1
I5IEAR	JN53MA	20260925	1
K1PTF	FN22BW	20260925	1
VE1OV	FN74MX	20260925	1
WA1NDV	FN20XR	20260925	1
VE1CWJ	FN85SD	20260925	1
N1MM	FN31SU	20260925	1
OX3XR	GP44DE	20260925	1
HB8BZY	JN36BE	20260925	1
VE3HFP	FN03IR	20260925	1
DL5FD	JO32MA	20260925	1
TM60KOU	JN19AA	20260925	1
YO3IS	KN34BK	20260925	1
K1RMA	FN31JN	20260925	1
W8EH	EM79TM	20260925	1
W3FP	FM18OW	20260925	1
GW0POA	IO81JL	20260925	1
G5TV	IO93FN	20260925	1
G0OUC	IO93FO	20260925	1
4L0VE	LN03LA	20260925	1
RA22NY	KO96AA	20260925	1
IW3FQT	JN55VC	20260925	1
F8CE	JN03IJ	20260925	1
IK6SZM	JN63AA	20260925	1
DL2ALY	JO32MA	20260925	1
9H1BN	JM75GV	20260925	1
OK5UM	JO70FB	20260925	1
RL7F	LN15PB	20260925	1
YO2RR	KN05WQ	20260925	1
EA4DFE	IM89MJ	20260925	1
IK5BFE	JN53MA	20260925	1
IW3FCT	JN55MA	20260925	1
BG0AUB	NN33ST	20260925	1
OH2K	KP20IF	20260925	1
GH5DX	IN89WE	20260925	1
EA3IGB	IN81DJ	20260925	1
JH7MJB	PM95VQ	20260925	1
JE0KBP	PM87WA	20260925	1
JE8TGI	PM95VQ	20260925	1
9H1TX	JM75GV	20260925	1
EH3CT	JN11CK	20260925	1
EA7JHK	IM66UM	20260925	1
JK2XXC	PM85KE	20260925	1
G7BTP	IO93VO	20260925	1
EA1BWF	IN73CF	20260925	1
N8SI	EN91NP	20260925	1
RA1I	LP74FG	20260925	1
RL1R	LP00FB	20260925	1
SP3PZG	JO72OS	20260925	1
OE1AO	JN88EF	20260925	1
UO30RK	MN83MA	20260925	1
IV3IHX	JN66OB	20260925	1
IV3IHV	JN66OB	20260925	1
JH0CZQ	PM96CP	20260925	1
W4WT	EM74WE	20260925	1
M3FGR	IO91WM	20260925	1
K8SD	EN52ET	20260925	1
EA7BW	IM77AJ	20260925	1
R4ABT	LN29BR	20260925	1
EB1A	IN72FN	20260925	1
EA3BJ	JN01SD	20260925	1
EA1NBF	IN72FN	20260925	1
F6CTV	JN18EU	20260925	1
ON2ACO	JO11PB	20260925	1
BH6QOK	OM70DO	20260925	1
EA1GKZ	IN81DJ	20260925	1
G4PEN	IO93GL	20260925	1
G3WM	JO01DC	20260925	1
BG5ENH	PM00CG	20260925	1
IK1EOC	JN45AA	20260925	1
JH1MKU	PM95VQ	20260925	1
EA3ZFA	JN11CK	20260925	1
EB4AWC	IN81DJ	20260925	1
4X1A	KM72MA	20260925	1
9A6ZZ	JN75XT	20260925	1
SM1DX	JO97DP	20260925	1
RX3DCV	KO85LQ	20260925	1
UX1IX	KO50DE	20260925	1
EU7SH	KO53DV	20260925	1
DJ4ZZ	JO32MA	20260925	1
JI1UPL	PM95VQ	20260925	1
W9RF	EM57LT	20260925	1
NA1SA	FN10JU	20260925	1
EC7C	IM76SR	20260925	1
UY0LC	KO50DE	20260925	1
F6STW	JN18EU	20260925	1
IK1JUP	JN45FI	20260925	1
R8CEL	MO08PQ	20260925	1
IK4CDJ	JN61GV	20260925	1
HZ1UAE	LL56AH	20260925	1
RA8AF	MO04DM	20260925	1
UE31DX	KO96AA	20260925	1
YO1CMI	KN34AA	20260925	1
F8TMQ	JN25TF	20260925	1
IK0DOC	JN62AA	20260925	1
IW7EAP	JN81KC	20260925	1
UW3DI	KN18MH	20260925	1
BG7XWG	OL42DU	20260925	1
RL1F	KP50DA	20260925	1
SP5GNI	KO02MF	20260925	1
ES1BN	KO29JK	20260925	1
IW7DKS	JN90CI	20260925	1
VY0HRC	EP85EG	20260925	1
DC1MAR	JN68LK	20260925	1
JE0KPB	PM96CP	20260925	1
IK8IUQ	JN70GO	20260925	1
F5DFD	JN18EU	20260925	1
UA3AVY	KO85TS	20260925	1
R9WCF	LO84DL	20260925	1
I5FCW	JN53MA	20260925	1
HB60ANT	JN36BE	20260925	1
RA9MA	NO66MA	20260925	1
SQ9EMS	JO90XB	20260925	1
IW4ENV	JN45TB	20260925	1
KC8T	FN11MF	20260925	1
UE35EUF	KO96AA	20260925	1
7K1ETP	PM95VQ	20260925	1
9A1CAZ	JN76WA	20260925	1
IK1DOC	JN61GV	20260925	1
N2NWK	FM18MU	20260925	1
KC1MEB	FN31SN	20260925	1
G0TVM	IO91WM	20260925	1
UG4F	LO23GG	20260925	1
JF2VNV	PM95VQ	20260925	1
SP5GNT	KO02MF	20260925	1
IZ0BTV	JN61GV	20260925	1
JR1TZJ	PM95VQ	20260925	1
UR4ZD	KN57VF	20260925	1
G3YRP	IO91WM	20260925	1
CM2ESP	EL83SC	20260925	1
OK2PDM	JO70FB	20260925	1
JA8RXR	PM95VQ	20260925	1
RA3UR	LO07SA	20260925	1
YO0HP	KN34AA	20260925	1
UT5EDU	KN78ML	20260925	1
KJ7DZ	CN84LV	20260925	1
AG2J	FM29PC	20260925	1
XE1TD	EK09KL	20260925	1
ONLY1	JO20DU	20260925	1
E21C	OK03GS	20260925	1
K9YSE	EN61CU	20260925	1
WA0CQ	EN11TB	20260925	1
YI3WHR	LM23EH	20260925	1
HB9OAF	JN46ME	20260925	1
UA9MRS	MO64QX	20260925	1
UC9F	LO88DA	20260925	1
EI2FW	IO63WI	20260925	1
KA6U	EL87SR	20260925	1
LA6OP	JP67WK	20260925	1
EU3CZ	KO12VB	20260925	1
UR5FA	KN56IL	20260925	1
M0NKC	IO91LL	20260925	1
R2FMH	KO04DK	20260925	1
JF2VAX	PM95VQ	20260925	1
EC5M	IM98RP	20260925	1
F6IRG	JN25MI	20260925	1
SM3PZG	JP93II	20260925	1
JH8FSH	PM95VQ	20260925	1
IT9BOF	JM77AL	20260925	1
IT9AOI	JM77AL	20260925	1
KB9STR	EM69TO	20260925	1
IK2PTR	JN45PB	20260925	1
RA4LBK	LO33XW	20260925	1
YO6COB	KN26GM	20260925	1
R0BBE	NO59UV	20260925	1
SV1XRI	KM17UX	20260925	1
VE6WQ	DO33FL	20260925	1
NU6O	CN70WR	20260925	1
AC9O	EN52TE	20260925	1
SQ4MES	KO13ND	20260925	1
EA5FSJ	IN81DJ	20260925	1
DL6NEB	JO62RM	20260925	1
JO4JKL	PM75CJ	20260925	1
JR5FGP	PM95VQ	20260925	1
JS2GGD	PM85KE	20260925	1
7Z91ND	LL35MA	20260925	1
DJ7LAZ	JO32MA	20260925	1
SP8NR	KO12NA	20260925	1
ONLY4	JO20DU	20260925	1
IZ7AUH	JN80OL	20260925	1
M1DDD	IO92JI	20260925	1
OS8NT	JO21AA	20260925	1
KB9BKA	EN61AM	20260925	1
N8MI	EL97FM	20260925	1
WA0CQG	EN34IT	20260925	1
EB5YS	IM99BA	20260925	1
JR9KRO	PM86CB	20260925	1
WA4HJF	EM83VE	20260925	1
UA9CGC	MO08PQ	20260925	1
8N1OLP	PM95VQ	20260925	1
IT9FRD	JM68QB	20260925	1
JA9GIL	PM95VQ	20260925	1
KO4ENU	EM83VE	20260925	1
PN90XF	OI33KT	20260925	1
OK4EX	JO70FB	20260925	1
JANS9	PM95VQ	20260925	1
UA1WW	KO47PH	20260925	1
MI0ILS	IO74AO	20260925	1
XE1GK	DL70IQ	20260925	1
W4DTA	EM55DB	20260925	1
S57NML	JN76OD	20260925	1
JU1WPCW	ON37PS	20260925	1
R0RQCW	OO22JS	20260925	1
IW1FGR	JN61GV	20260925	1
JH6TMW	PM53GO	20260925	1
JF1EUY	PM95VQ	20260925	1
DL1COM	JO32MA	20260925	1
CM3ESP	EL82WX	20260925	1
EA1AO	IN72FN	20260925	1
JL1STM	PM95VQ	20260925	1
K8YKE	EN81JI	20260925	1
WA2THJ	FN21RE	20260925	1
G3UOA	IO91WM	20260925	1
F5OVO	JN18EU	20260925	1
EB3TA	JN11CK	20260925	1
RA3PP	KO83SW	20260925	1
JA8FXG	PM95VQ	20260925	1
JH1JBP	PM95VQ	20260925	1
N5LEX	FN11UP	20260925	1
UA1FA	KP50DA	20260925	1
IW2BIF	JN61GV	20260925	1
UA0QNE	NO66MA	20260925	1
EA7ZT	IM77AJ	20260925	1
WL7T	DM43EI	20260925	1
EC9EU	IM75GX	20260925	1
JJ1GWF	PM95VQ	20260925	1
JA2XTV	PM85KE	20260925	1
M0SKN	IO91VM	20260925	1
EB1EB	IN72FN	20260925	1
JH3KTL	PM95VQ	20260925	1
UA1WA	KO47DT	20260925	1
K8DP	EN62WU	20260925	1
IO74AM	JN80MA	20260925	1
EA7GPW	IN81DJ	20260925	1
DO3ASE	JO61FB	20260925	1
ES90FA	KO29JK	20260925	1
FN85II	JN19AA	20260925	1
EA5CO	IM99BA	20260925	1
SA5GNI	KN87RU	20260925	1
A61AC	LL74EL	20260925	1
LA9XGA	JO59IW	20260925	1
JK2VOC	PM84FR	20260925	1
BX2ABE	PL05SA	20260925	1
RN1TU	KO58QO	20260925	1
EA4HJF	IN81DJ	20260925	1
EA4ADC	IN81DJ	20260925	1
EA7TN	IM66WQ	20260925	1
EC7AKV	IM77AK	20260925	1
IE6ISP	JN61GV	20260925	1
BG0BWG	NN33ST	20260925	1
HS8MOM	NK90OM	20260925	1
R650KG	KO96AA	20260925	1
ON4LM	JO20DU	20260925	1
RK9CC	MO08PQ	20260925	1
SV1HY	KM17UX	20260925	1
7Z1IS	LL56BJ	20260925	1
ON7ZJ	JO21AA	20260925	1
G8FEK	IO93SR	20260925	1
UA9CDC	MO06HU	20260925	1
IK3MLF	JN55WJ	20260925	1
EA4HGF	IN81DJ	20260925	1
EG9MA	IM75GX	20260925	1
EA8ARI	IL18UL	20260925	1
JH2MKU	PM85KE	20260925	1
UT8IZZ	KN87RU	20260925	1
BG1ETP	OM89FV	20260925	1
DN2KH	JO32MA	20260925	1
MW0TBB	IO81JL	20260925	1
JR6KJE	PM53GO	20260925	1
KC1MMC	FN34LO	20260925	1
GW4VXE	IO81JL	20260925	1
ON7FW	JO21AA	20260925	1
JU1WP	ON37PS	20260925	1
VE1CWK	FN85SD	20260925	1
9V1KG	OJ11WH	20260925	1
IZ7DZN	JN80MA	20260925	1
OH2OHT	KP20LE	20260925	1
OH4HOT	KP20LE	20260925	1
LA6XP	JO59IW	20260925	1
RK0J	PO33VN	20260925	1
JP7BCL	QN00IT	20260925	1
E21E3JC	OK03GS	20260925	1
8J9UF	PM86CB	20260925	1
JR2WLQ	PM85KE	20260925	1
JA6CDH	PM53GO	20260925	1
JT1ARDF	ON37LV	20260925	1
SK75AT	KP03BU	20260925	1
EA1CIU	IN52QK	20260925	1
EA7WL	IN81DJ	20260925	1
EA3CJ	JN11CK	20260925	1
UA0JBY	NO66MA	20260925	1
BH9CEN	OM44KG	20260925	1
JK2VKC	PM85KE	20260925	1
BH4IWK	OM86MQ	20260925	1
IZ7VBW	JN80MA	20260925	1
G0VES	JO01QF	20260925	1
JN1VXL	PM95VQ	20260925	1
JK1XGI	PM95VQ	20260925	1
CT1EAV	IN50QR	20260925	1
JK3FDK	PM75VA	20260925	1
JA0EKI	PM85VL	20260925	1
JO2GGI	PM85KE	20260925	1
UA3TIC	LO26GL	20260925	1
OK1VUN	JO70FB	20260925	1
UE1FA	KO59DW	20260925	1
IW0WGX	JM49NG	20260925	1
8N60HAM	PM53GO	20260925	1
G3POA	IO91WM	20260925	1
EA3GKP	JN11BJ	20260925	1
8J1JRL1	PM95VQ	20260925	1
JR2RBK	PM85KE	20260925	1
JR2KQE	PM85KE	20260925	1
JA5AVE	PM63SN	20260925	1
JA6DI	PM53GO	20260925	1
ON1TG	JO20DU	20260925	1
N3XM	EM91HF	20260925	1
VK100AF	QF56OB	20260925	1
IZ1BPN	JN35VG	20260925	1
F1GWX	JN18EU	20260925	1
N3MK	FM27IW	20260925	1
NN6T	DM25XF	20260925	1
IZ2CGP	JN45AA	20260925	1
4XXX	KM71OS	20260925	1
EA9LU	IM75GX	20260925	1
OE3MPU	JN88EE	20260925	1
YV5NEW	FK60MM	20260925	1
IW7DKC	JN80MA	20260925	1
ZS1TA	JF95FX	20260925	1
PD1MV	JO22MA	20260925	1
OE3KUN	JN78TF	20260925	1
ON5SV	JO10WK	20260925	1
UT5LK	KN89DL	20260925	1
JA1CAP	PM95VQ	20260925	1
IW5BNY	JN61GV	20260925	1
G0ORG	JO02NB	20260925	1
EA3DFA	IN81DJ	20260925	1
BA4VVE	OM92JB	20260925	1
IZ0CJQ	JN61QQ	20260925	1
YO3PAJ	KN34BK	20260925	1
UY2QQ	KO50DE	20260925	1
JK1ZSE	PM95VQ	20260925	1
IW7DJN	JN80MA	20260925	1
IZ0CGP	JN62EG	20260925	1
IN1YOT	JN61GV	20260925	1
II0SPT	JN62AA	20260925	1
IK0WDF	JN62AA	20260925	1
EO50FF	KO50AA	20260925	1
WA3NDV	FM19NX	20260925	1
R6AO	LN04MX	20260925	1
IK8JSS	JN71AA	20260925	1
KD9VV	EN71JB	20260925	1
ON4CJD	JO21AA	20260925	1
VE1VOX	FN85II	20260925	1
RA3DBK	KO85LQ	20260925	1
F5BZB	JN03XU	20260925	1
IZ0ERI	JN61JX	20260925	1
EA2LY	IN93AH	20260925	1
EA6B	JM19HO	20260925	1
DD7KH	JO32MA	20260925	1
F5PLS	JN19FB	20260925	1
AB0XE	EN34LV	20260925	1
TA3KAH	KN40AA	20260925	1
AN5ITU	IM99BA	20260925	1
NP4C	FK78BK	20260925	1
WA6RLR	DM13EK	20260925	1
DL4A	JN48NX	20260925	1
R5AU	KO85TS	20260925	1
OH8FKF	KP20LE	20260925	1
IZ0RVI	JN62AM	20260925	1
RP76H	KO96AA	20260925	1
AU9AKC	ML89MA	20260925	1
ON3TG	JO11KF	20260925	1
DD7UW	JO32MA	20260925	1
RP76ML	KO96AA	20260925	1
RP76P	KO96AA	20260925	1
OK5TOP	JO70FB	20260925	1
DL6AIN	JO32MA	20260925	1
RP76PAW	KO96AA	20260925	1
UA4CIK	LO31IS	20260925	1
ON1CCN	JO20DU	20260925	1
F6IRA	IN94OH	20260925	1
IK7XWY	JN80MA	20260925	1
IW9AFI	JN61GV	20260925	1
IK2XRL	JN61GV	20260925	1
M0MKC	IO91WM	20260925	1
EA8HW	IL18UL	20260925	1
UA60TM	KO96AA	20260925	1
DL1DUS	JO60XW	20260925	1
JA0BGW	PM96CP	20260925	1
OM1II	JN88ND	20260925	1
OK1ZFP	JO70EB	20260925	1
UN7GZ	MN83KG	20260925	1
IK1ZOZ	JN44CA	20260925	1
NK1J	FN31PM	20260925	1
DL6LTM	JO32MA	20260925	1
OK2IS	JO70FB	20260925	1
IK2XWL	JN45AA	20260925	1
N1MD	FN41BV	20260925	1
F4DXY	JN04DX	20260925	1
I0OGY	JN62AA	20260925	1
W7KRS	CN87XP	20260925	1
JA9KRO	PM95VQ	20260925	1
ES4RK	KO39MK	20260925	1
K4AFL	EM70CE	20260925	1
IK0LZR	JN61GV	20260925	1
KE0WPA	EN23EO	20260925	1
NS2X	EM76GD	20260925	1
SP5LOT	KO02OD	20260925	1
II0SAT	JN62AA	20260925	1
W4ZX	FM08SD	20260925	1
IK2XLR	JN45AA	20260925	1
DG0BBE	JO60NT	20260925	1
IU5BLE	JN53MA	20260925	1
N1KM	FN41IQ	20260925	1
JH0BE	PM96CP	20260925	1
JA8KHG	PM95VQ	20260925	1
ON3EA	JO21NE	20260925	1
IK6GSM	JN63AA	20260925	1
JA2TZJ	PM85KE	20260925	1
RU21DS	KO96AA	20260925	1
BI4MPH	OM86MQ	20260925	1
KD0C	DM79LW	20260925	1
LZ1CWF	KN12PQ	20260925	1
W5CHA	EM40WA	20260925	1
JK1OLT	PM96OI	20260925	1
JI3RGT	PM75VA	20260925	1
VE3KY	FN25FA	20260925	1
KE8RJU	EN81JI	20260925	1
SQ3XZ	JO82SH	20260925	1
VI100AF	QF56OB	20260925	1
ZS6GC	KG44CG	20260925	1
NX6RG	CM97AQ	20260925	1
DG4CGC	JO32MA	20260925	1
EA3JT	IN81DJ	20260925	1
EH4WRD	IN81DJ	20260925	1
VA7VOC	CN89PM	20260925	1
JN2QCV	PM85KE	20260925	1
N3MHZ	EN90WN	20260925	1
CO8LY	FF46QO	20260925	1
RT5VD	LO06HB	20260925	1
IW5RGK	JN53MA	20260925	1
UI4F	LO23GG	20260925	1
RN60YG	KO96AA	20260925	1
RZ60YG	JM75GV	20260925	1
RL60YG	KO96AA	20260925	1
RA60YG	KO96AA	20260925	1
UT7LL	KN89DL	20260925	1
F2DIH	JN18EU	20260925	1
IW7GJ	JN80MA	20260925	1
EA3CZ	JN01XT	20260925	1
R1971AG	KO96AA	20260925	1
R1981AG	KO96AA	20260925	1
JG1MPG	PM95VQ	20260925	1
OE3JAG	JN88EE	20260925	1
G7UXW	IO91QE	20260925	1
BI7MPS	OM89FV	20260925	1
YG3EMH	OI62IS	20260925	1
RK1J	KO59DW	20260925	1
EI3FWE	EN81JI	20260925	1
OM5CL	JN98BN	20260925	1
DG8MS	JO62RM	20260925	1
HA4TI	JN97MM	20260925	1
RA3WDK	KO81AS	20260925	1
VA3EJN	FN03FO	20260925	1
F5EAY	JN18EU	20260925	1
DG7XWF	JO32MA	20260925	1
DL6KGB	JO32MA	20260925	1
TA2SUA	KM69KW	20260925	1
DD9MA	JO32MA	20260925	1
R8CEM	MO08PQ	20260925	1
RA9FMT	NO66MA	20260925	1
N8MR	EN82HJ	20260925	1
W6S	DM05IL	20260925	1
JG3SAQ	PM75VA	20260925	1
WA4FOC	EM83VE	20260925	1
DH1DT	JO32MA	20260925	1
EI1OV	IO63WI	20260925	1
JH5HDB	PM63SN	20260925	1
EA3BQ	JN11CK	20260925	1
ON4ACO	JO21AA	20260925	1
DD7GW	JO32MA	20260925	1
EA4M	IN81DJ	20260925	1
IK0BTV	JN62AA	20260925	1
JF3NDW	PM95VQ	20260925	1
G6IBS	IO91WM	20260925	1
UT1EW	KN68SB	20260925	1
D8MS	PM38MA	20260925	1
BG4GTL	PM01RF	20260925	1
F4FEB	JN37GJ	20260925	1
DO7UW	JO62RM	20260925	1
JJ1IVU	PM95VQ	20260925	1
JK1FNN	PM95RP	20260925	1
OE7FHJ	JN88EE	20260925	1
IK7DOL	JN80MA	20260925	1
JF1CFL	PM95VQ	20260925	1
2E0JYK	IO91WM	20260925	1
VE1VAX	FN85KA	20260925	1
VK4ZQ	QF44NR	20260925	1
F8AIP	JN18EU	20260925	1
W8RJY	EN61VT	20260925	1
EA7BE	IM77AJ	20260925	1
N6DNM	CM87XV	20260925	1
JA9GIT	PM86CB	20260925	1
PJ2BR	FK52ND	20260925	1
N6MEJ	FM19IE	20260925	1
EA5AW	IM99BA	20260925	1
IK6FZM	JN63AA	20260925	1
IN94WV	JN61GV	20260925	1
IK0FOX	JN62AA	20260925	1
SV1ABL	KM17UX	20260925	1
MI0ILG	IO74AO	20260925	1
EA4DXV	IN81DJ	20260925	1
MI0ILE	IO64XM	20260925	1
2E0JYX	IO91WM	20260925	1
IK7HBB	JN80MA	20260925	1
M0GLZ	IO91WM	20260925	1
4L7D	LN21JR	20260925	1
TI4VLM	EK70WA	20260925	1
IK4XRL	JN54AA	20260925	1
SP5DSH	KO02MF	20260925	1
UA6ISK	LN26PN	20260925	1
EA3TA	IN80DL	20260925	1
DO4AM	JO32MA	20260925	1
F1SYG	JN26SP	20260925	1
IK7DAD	JN80MA	20260925	1
YO2CMY	KN15LS	20260925	1
IZ0BKV	JN62AA	20260925	1
R0SZCN	OO37AI	20260925	1
SP7DID	JO91RS	20260925	1
SX1A	KM17UX	20260925	1
EA2LA	IN92EE	20260925	1
OK2BXW	JN89IE	20260925	1
EA1PR	IN72FN	20260925	1
DG8ET	JO32MA	20260925	1
IQ2XRL	JN45AA	20260925	1
M1MCR	IO91WM	20260925	1
EA3TT	JN11CK	20260925	1
N5HYT	FN31GG	20260925	1
K4DCA	FM18LS	20260925	1
BA7NQ	OM89FV	20260925	1
JJ1RXB	PM95VQ	20260925	1
JE2KUC	PM95VQ	20260925	1
G6IBZ	IO91WM	20260925	1
JQ1IBI	PM95VQ	20260925	1
JH6MLB	PM95VQ	20260925	1
UA1CW	KP50VB	20260925	1
IQ3DD	JN66EK	20260925	1
R4FCY	LO23GG	20260925	1
ON4PU	JO21AA	20260925	1
IW1GJU	JN61GV	20260925	1
FL0VE	JN19AA	20260925	1
DL7UW	JO32MA	20260925	1
KF0QS	DM79KV	20260925	1
KA3RWZ	FM19MI	20260925	1
DL7UOF	JO32MA	20260925	1
DL5ACD	JO32MA	20260925	1
IK0WJF	JN62AA	20260925	1
JA2KPI	PM85KE	20260925	1
LB2ZG	JP50MA	20260925	1
KG0D	CN85SM	20260925	1
N7EQF	CN84HW	20260925	1
RN6BL	KN95RI	20260925	1
WA1T	FN43LK	20260925	1
IZ3DD	JN55MA	20260925	1
EA3ATS	IN81DJ	20260925	1
DU9JJY	PJ28MA	20260925	1
DK1MO	JO32MA	20260925	1
JH7JHX	QN00IT	20260925	1
EA3TJ	JN01WV	20260925	1
G1WTR	IO91WM	20260925	1
F5OUO	IN96GR	20260925	1
OZ7MOZ	JO65GQ	20260925	1
PM97NW	OI33KT	20260925	1
SP2GUB	JO94RD	20260925	1
SP9GUB	JO90XB	20260925	1
JR4HDK	PM75CJ	20260925	1
JA3NAS	PM75VA	20260925	1
IK0OFF	JN61HW	20260925	1
RA9CHB	MO08PQ	20260925	1
DL1MP	JO41DI	20260925	1
VK3DBA	QF44NR	20260925	1
EA3HYV	IN81DJ	20260925	1
SP9LOT	JO90XB	20260925	1
IW7DOL	JN90CI	20260925	1
IK14DOC	JN45AA	20260925	1
AM0AS	IN81DJ	20260925	1
CT7AGI	IM58KQ	20260925	1
N1DM	FN42HG	20260925	1
IW2NU	JN45AA	20260925	1
R0AHK	NO59UV	20260925	1
K2MWS	FN20XF	20260925	1
JN4THO	PM64FJ	20260925	1
DK9GAA	JO32MA	20260925	1
DG9MMA	JO32MA	20260925	1
DL7DOL	JO32MA	20260925	1
DK1OM	JO42UV	20260925	1
4L1VE	LN03LA	20260925	1
UA3JTC	KO77HD	20260925	1
DG5MA	JO32MA	20260925	1
EA5AVB	IM99BA	20260925	1
DL8GAB	JO32MA	20260925	1
VA3NAA	FN03MW	20260925	1
HB9DAB	JN36BE	20260925	1
SP2HHX	JO94HI	20260925	1
SP9FFP	JO90XB	20260925	1
EI5FW	IO63WI	20260925	1
LZ1K	KN23MA	20260925	1
E77A	JN83TI	20260925	1
2E1EBI	IO91WM	20260925	1
I0WGF	JN62AA	20260925	1
DL5APK	JO32MA	20260925	1
IW2NUI	JN45PF	20260925	1
DG5GAC	JO32MA	20260925	1
EN19JV	KO50AA	20260925	1
IW2NUE	JN61GV	20260925	1
IU1KIZ	JN45AA	20260925	1
UA1LBK	KO59DW	20260925	1
IK5DFU	JN53MA	20260925	1
R5AO	KO86VA	20260925	1
EM2TT	KN39IK	20260925	1
EA7P	IM76IU	20260925	1
KO4LET	EM83VE	20260925	1
JA1HXL	PM95VQ	20260925	1
F5TGR	JN18EU	20260925	1
TK4TN	JN41IW	20260925	1
IM99SC	JN61GV	20260925	1
GM4ULS	IO75VV	20260925	1
OM6TE	JN99IF	20260925	1
OK1PMG	JO70FB	20260925	1
G1SDX	IO91WM	20260925	1
S53XX	JN76DI	20260925	1
DL3HC	JN58PB	20260925	1
DK8MS	JO32MA	20260925	1
DO1DM	JO32MA	20260925	1
DL1AKC	JO32MA	20260925	1
ON7GJ	JO20DU	20260925	1
AE1BNF	FN42DJ	20260925	1
EA7APE	IN81DJ	20260925	1
R170SG	KO96AA	20260925	1
F8ECD	JN18EU	20260925	1
HB9EGA	JN47FJ	20260925	1
EI5IN	IO63WI	20260925	1
NI6UA	DM05IL	20260925	1
EC4TA	IN81DJ	20260925	1
VE3ECO	FN14RG	20260925	1
IW7DKN	JN61GV	20260925	1
SP3LOT	KO02MF	20260925	1
S0S	IL37JD	20260925	1
W1HMM	FN43MD	20260925	1
S55M	JN65VM	20260925	1
IK1EBE	JN61GV	20260925	1
IK1GOC	JN45AA	20260925	1
DL6GAC	JO62RM	20260925	1
OM4IK	JN98AV	20260925	1
SQ5GVX	KO02MF	20260925	1
OM5TE	JN98BH	20260925	1
RL21NY	KO96AA	20260925	1
W4ALF	EM78RW	20260925	1
IW7FZN	JN80MA	20260925	1
AH6EZ	CN88PB	20260925	1
IZ5NRF	JN53NV	20260925	1
VA3ASE	FN04GF	20260925	1
M0YKS	IO91WM	20260925	1
KV4T	EM63HD	20260925	1
DG8LAD	JO62RM	20260925	1
F4DXU	JN06DN	20260925	1
EB3JT	JN01UI	20260925	1
DH4FR	JO43MB	20260925	1
LA4NP	JO59IW	20260925	1
LA5XK	JO59IW	20260925	1
CT7AER	IM58KQ	20260925	1
IZ8FAN	JN61GV	20260925	1
IZ8FNA	JN61GV	20260925	1
A65GR	LL74EL	20260925	1
7N2JZT	PM95QW	20260925	1
RZ21NY	KO96AA	20260925	1
UR5FRW	KN56AA	20260925	1
SQ2TF	JO94HI	20260925	1
GI4ONL	IO65SE	20260925	1
RA21NY	KO96AA	20260925	1
JA1GZK	PM95VQ	20260925	1
HK4SAN	FJ26FG	20260925	1
LZ1JH	KN12PQ	20260925	1
UX0DA	KN18SA	20260925	1
DL7NT	JO62RM	20260925	1
SV1ROI	KM17UX	20260925	1
M0SQL	IO91WM	20260925	1
S55MC	JN76GB	20260925	1
G4SEP	IO91WM	20260925	1
N3DWB	FN10SJ	20260925	1
EB4ADC	IN80FI	20260925	1
EP3AS	LM55RR	20260925	1
CT7AFR	IM58KQ	20260925	1
RA2FGG	KO04GT	20260925	1
EA6TC	JM19MQ	20260925	1
IK0GWF	JN62AA	20260925	1
DL8GA	JO62RM	20260925	1
VE3VCV	FN04MK	20260925	1
UN7GWI	MN83LG	20260925	1
K3NCR	FM18RM	20260925	1
2W0ASG	IO81JL	20260925	1
PD4JT	JO22MA	20260925	1
IK0XGW	JN62AA	20260925	1
DL8GAP	JN48EI	20260925	1
PT9AL	GG27OS	20260925	1
R2FBX	KO04DK	20260925	1
EI2IP	IO62KG	20260925	1
BK29AU	OM89FV	20260925	1
ON8GT	JO11RC	20260925	1
M0MLZ	IO91WM	20260925	1
EA4CMV	IN81DJ	20260925	1
EA5B	IN81DJ	20260925	1
AP2AUM	MM53SX	20260925	1
HC2FG	FI09ST	20260925	1
VK8JM	QG26RK	20260925	1
OK1FGS	JO80BJ	20260925	1
CT1COD	IM58KQ	20260925	1
DL7LTM	JO62RM	20260925	1
YO3APJ	KN34BK	20260925	1
YL3GEA	KO26AN	20260925	1
UA3TM	LO26GL	20260925	1
VE2OEA	FN35IS	20260925	1
OM3MD	JN88MA	20260925	1
7X3YOTA	IM81VO	20260925	1
IT9KES	JN61GV	20260925	1
G0TRT	IO91WM	20260925	1
EI0KW	IO63WI	20260925	1
RV9CBH	MO08PQ	20260925	1
R7LW	LN07OU	20260925	1
TM20ISS	JN19AA	20260925	1
NZ8V	EN73DA	20260925	1
EA4CO	IN81DJ	20260925	1
EI3FV	IO63WI	20260925	1
M1MLM	IO91WM	20260925	1
R9YA	NO12HS	20260925	1
CT1VXE	IM58KQ	20260925	1
JE0HUR	PM96CP	20260925	1
KL7TN	BP69OF	20260925	1
UA4LCF	LO44EH	20260925	1
A61BP	LL75QI	20260925	1
OA4DTU	FH17LX	20260925	1
VA2CST	FN35BQ	20260925	1
ON3BD	JO20DU	20260925	1
AE5RE	EM13PC	20260925	1
EI2RP	IO63WI	20260925	1
LA9WDA	JO59IW	20260925	1
9H1GW	JM75GV	20260925	1
JR4DHK	PM95VQ	20260925	1
RA3RAW	LO02SR	20260925	1
5Z4J	KI88MA	20260925	1
R2FAW	KO04DK	20260925	1
E77B	JN93FU	20260925	1
BG0CAB	NN33TV	20260925	1
ZF1DM	EK99JH	20260925	1
ON2ONX	JO20DU	20260925	1
EA1U	IN72FN	20260925	1
F5DKD	JN18EU	20260925	1
8Q7AR	MJ64SE	20260925	1
JJ1GLK	PM95VQ	20260925	1
KX3C	FM19DS	20260925	1
IW7DZN	JN80UP	20260925	1
OM3BD	JN88MA	20260925	1
UC8F	LO88DA	20260925	1
YV5NEA	FK60NL	20260925	1
K9AQ	EN55RH	20260925	1
UA5HVR	KO85LQ	20260925	1
EI3FU	IO63WI	20260925	1
DD7NT	JO32MA	20260925	1
G4RRA	IO80BS	20260925	1
MO0ILE	IO91WM	20260925	1
OE5TOP	JN67UV	20260925	1
ON4NNC	JO21AA	20260925	1
RZ30DX	KO96AA	20260925	1
UA3RA	LO02RR	20260925	1
EA3AYK	JN11CJ	20260925	1
SP2CHY	JO94FO	20260925	1
IK7UFX	JN80DV	20260925	1
CO8TW	FN02UF	20260925	1
IZ2DDY	JN45SG	20260925	1
DL7UZD	JO32MA	20260925	1
JG3SUQ	PM75VA	20260925	1
7Q7RU	KH66VA	20260925	1
VA3MW	FN03HU	20260925	1
N1XK	EN32DB	20260925	1
PD0HDB	JO22MA	20260925	1
NG1I	FN42BF	20260925	1
SV1JG	KM18WF	20260925	1
DL3AMI	JO50MX	20260925	1
IU8MHG	JN61GV	20260925	1
F4GWP	JN18EU	20260925	1
OH6BKH	KP20LE	20260925	1
G3SED	IO90IV	20260925	1
SP2QVH	KO02MF	20260925	1
ON8GE	JO20FL	20260925	1
WA9WUD	EN61SW	20260925	1
KC3KOP	FN20JU	20260925	1
JL1MZP	PM95VQ	20260925	1
SV1VC	KM17UX	20260925	1
CT1BXE	IM59SL	20260925	1
LZ5GM	KN32RL	20260925	1
EA3EAZ	JN11CK	20260925	1
RA9A	MO05RE	20260925	1
F5JDI	JO10WF	20260925	1
IU2DMI	JN61GV	20260925	1
JN1BTH	PM95VQ	20260925	1
VE6UM	DO33EM	20260925	1
PC1L	JO22KJ	20260925	1
PA3NP	JO22MA	20260925	1
W0SAT	EN42PM	20260925	1
ON8AE	JO21AA	20260925	1
JA1GQC	PM95QL	20260925	1
7L1ETR	PM95VQ	20260925	1
VK3AXH	QF12WI	20260925	1
OE4MUB	JN88EE	20260925	1
ZA0CAN	JN90ON	20260925	1
OH6BQE	KP20LE	20260925	1
F4GWD	JN19AA	20260925	1
OZ2PBS	JO55XJ	20260925	1
PH4HDB	JO22MA	20260925	1
IK8OXQ	JM88EH	20260925	1
OZ7MH	JO65GQ	20260925	1
YO2KHK	KN34BK	20260925	1
VK8AW	PH57KN	20260925	1
W2GDJ	FN32DR	20260925	1
IK5CDE	JN53MA	20260925	1
EA3GFA	JN11AM	20260925	1
JS6TMW	PL36XL	20260925	1
RA6DE	KN96DQ	20260925	1
JH0FKM	PM96CP	20260925	1
YO7APJ	KN14VH	20260925	1
F4CKA	JN19AA	20260925	1
IO65SE	JN63AA	20260925	1
WA4VOC	EM78FD	20260925	1
N8ZV	EN81VJ	20260925	1
ON4CCN	JO21DF	20260925	1
F5RDRD	JN18EU	20260925	1
WA2MMD	FN21RE	20260925	1
EB3B	JN11CK	20260925	1
EA2DZW	IN92EE	20260925	1
YO5OB	KN17SP	20260925	1
DL1KVN	JO30KW	20260925	1
K0JM	EN35HC	20260925	1
K5Z	EM11VW	20260925	1
BD4RCC	OM92JB	20260925	1
JA1NTL	PM95VQ	20260925	1
VK5LO	QF44NR	20260925	1
JA4DQX	PM64WO	20260925	1
OH8MBH	KP20LE	20260925	1
ON2VHF	JO20EM	20260925	1
JN1BTC	PM95VQ	20260925	1
N6ELF	EL29HN	20260925	1
UT0STM	KN28EO	20260925	1
IA1G	JN44CA	20260925	1
YO2CM	KN15LS	20260925	1
OK1VOF	JO70FB	20260925	1
AI4IC	EM75UX	20260925	1
LA7XK	JP50MA	20260925	1
SV1ACV	KM17UX	20260925	1
YO2CVI	KN15LS	20260925	1
II4YOTA	JN54AA	20260925	1
F5ERS	JO10JJ	20260925	1
II4JOTA	JN54AA	20260925	1
SP9XRH	JO90XB	20260925	1
YO2ID	KN15LS	20260925	1
SM0P	JO99AH	20260925	1
W4ZXT	EM77UR	20260925	1
JR6DRQ	PM53GO	20260925	1
W2MMD	FM29KR	20260925	1
JG1BOK	PM95UQ	20260925	1
JH8FAS	PM95VQ	20260925	1
YC2VOC	OI53FA	20260925	1
VR2HF	OL72CH	20260925	1
R4WO	LO67JG	20260925	1
R0SCQ	OO12UR	20260925	1
RZ0SCN	OO37AI	20260925	1
F4KBV	JN19AA	20260925	1
N5BO	EM60PL	20260925	1
ON3NX	JO20DU	20260925	1
VK3OT	QF12AG	20260925	1
F4DWY	IN95QO	20260925	1
OK1PGM	JO70FB	20260925	1
UA3HD	KO85LQ	20260925	1
RL9L	MO47MT	20260925	1
DV2JVB	PK06GK	20260925	1
UR4FA	KN56DE	20260925	1
JA1OJA	PM95US	20260925	1
VK4FB	QF44NR	20260925	1
A65CA	LL75QI	20260925	1
EI3IP	IO63UQ	20260925	1
VK3ZL	QF02SG	20260925	1
UB9USB	NO34OW	20260925	1
A65AGC	LL74EL	20260925	1
K7ZOO	DM42MF	20260925	1
N5UM	EM15HQ	20260925	1
JD1BLY	QL04QS	20260925	1
VK6JJJ	OF78WB	20260925	1
ON8MBN	JO21AA	20260925	1
F4BKV	IN95PT	20260925	1
EI3FW	IO54UB	20260925	1
A6AC	LL74EL	20260925	1
W7KKE	CN84AW	20260925	1
W7OK	CN86LW	20260925	1
EA1G	IN73GI	20260925	1
EA8W	IL18UL	20260925	1
3ELTS	FJ08FX	20260925	1
JR6LNG	PM53GO	20260925	1
G8OTE	IO91WM	20260925	1
UN6GL	MN83LG	20260925	1
JJ1JZE	PM95VQ	20260925	1
JA0NLT	PM96CP	20260925	1
DO1MKA	JN57HU	20260925	1
3ADL4EA	JN33RS	20260925	1
DL0LW	JO62RM	20260925	1
DP4HDB	JO32MA	20260925	1
AA8CA	EM89NQ	20260925	1
SV1RXI	KM17UX	20260925	1
DL4EA	JN48MQ	20260925	1
IK0WHF	JN62AA	20260925	1
UT4L	KN89DL	20260925	1
HB0TR	JN47SD	20260925	1
K2CKA	FN21RE	20260925	1
IK0WCF	JN62AA	20260925	1
UY0LSC	KN89DL	20260925	1
YO5TP	KN16SS	20260925	1
DL5IAN	JO32MA	20260925	1
A65AC	LL74EL	20260925	1
N0TEL	EM48RD	20260925	1
DL7AOP	JO62RM	20260925	1
DL6IAN	JN49GC	20260925	1
IK5DFE	JN53NU	20260925	1
K5TA	DM65QF	20260925	1
XE1HG	DL80IP	20260925	1
VE7UHS	CN89PM	20260925	1
W2DGJ	EL97MM	20260925	1
IK6GZM	JN62RV	20260925	1
IK4JQQ	JN54KP	20260925	1
HB9JQQ	JN47IM	20260925	1
EA1BNR	IN81DJ	20260925	1
WB7QXU	CN95KM	20260925	1
UA4CGR	LO31IS	20260925	1
WB6JNN	CM97CI	20260925	1
DL6KBG	JO71CF	20260925	1
DK1ELD	JO32MA	20260925	1
VU2BGS	MK82SW	20260925	1
W3FGP	FM18NW	20260925	1
SP9CVY	JN99PU	20260925	1
UR5HD	KN69SN	20260925	1
IW7DWZ	JN80MA	20260925	1
UT5EDK	KN78HJ	20260925	1
G4RRR	IO91WM	20260925	1
DL8ALA	JO32MA	20260925	1
VE8EV	CP38DI	20260925	1
UA3WAN	KO81AS	20260925	1
ON4LAN	JO10RO	20260925	1
WA2MIS	EL88WP	20260925	1
JA7JHX	QN00IT	20260925	1
EB3FYO	JN11CK	20260925	1
EA3DKX	JN11CK	20260925	1
R1BHS	KO59DW	20260925	1
IT9BF	JM68QB	20260925	1
SA2KNG	KP03CU	20260925	1
G1KOT	JO01FN	20260925	1
JL1MPZ	PM95VQ	20260925	1
UA4WAN	LO67JG	20260925	1
E21EJ	OK03GS	20260925	1
DF2ET	JO31VQ	20260925	1
JE2PKJ	PM85KE	20260925	1
LA7XC	JO59IW	20260925	1
RA1AO	KO59DV	20260925	1
JR5FRP	PM63SN	20260925	1
VO2MPR	FO93LW	20260925	1
DJ8MD	JO32MA	20260925	1
VU2LBE	ML89MA	20260925	1
EA3FYO	JN02SM	20260925	1
VO1AU	GN37PN	20260925	1
DD1US	JN49QF	20260925	1
HB9ESG	JN36BE	20260925	1
EA3BT	JN01UF	20260925	1
IZ8HUJ	JN70VN	20260925	1
F5DSD	JN18EU	20260925	1
KB5AAB	EM51QQ	20260925	1
N5IXI	FM19VM	20260925	1
FT817ND	JN18EU	20260925	1
EI9FW	IO63WI	20260925	1
FT857D	JN18EU	20260925	1
BH1HXX	OM89FV	20260925	1
EB7A	IM77AJ	20260925	1
IK1OZO	JN45AA	20260925	1
VA3ANA	EN92TT	20260925	1
DH8BQA	JO73DB	20260925	1
IK0WMJ	JN61GW	20260925	1
PA3RMM	JO33FE	20260925	1
2W0OSG	IO83LB	20260925	1
RA9FV	LO88DA	20260925	1
EA3VO	JN11DM	20260925	1
JH0RNN	PM97MV	20260925	1
E29AHU	NJ97TN	20260925	1
DS2DWU	PM37AA	20260925	1
JA2IDR	PM84GR	20260925	1
JA1XGI	PM95RV	20260925	1
JJ2DWL	PM95VQ	20260925	1
DK3ZL	JO62RM	20260925	1
VA3VCO	FN15TB	20260925	1
FR4OU	LG78SU	20260925	1
8N1Y	PM95VQ	20260925	1
9M2CQC	OJ03TB	20260925	1
KC9BKA	EN64CE	20260925	1
GU6EFB	IN89RL	20260925	1
DG2LAT	JO32MA	20260925	1
JR6IQI	PM53GO	20260925	1
JE2PHJ	PM85KE	20260925	1
VK6MIT	OF78VA	20260925	1
G4RHR	IO91WM	20260925	1
PE4HDB	JO22MA	20260925	1
EA3GCV	JN01VF	20260925	1
6K2JPM	PM37AA	20260925	1
EA1BNF	IN52PF	20260925	1
OZ1SKY	JO56DG	20260925	1
EA5G	IM99BA	20260925	1
DL0SOP	JO54WC	20260925	1
OK7MHZ	JO70FB	20260925	1
F5RDR	JN18EU	20260925	1
VA3NAN	FN25FL	20260925	1
EB1BNF	IN72FN	20260925	1
K8OR	EM66SI	20260925	1
JK1NFI	PM95VQ	20260925	1
IW5C	JN53MA	20260925	1
UR8QV	KN77OS	20260925	1
VE4MM	EN19JU	20260925	1
9V1XX	OJ11WG	20260925	1
LA7XD	JO59IW	20260925	1
F1IWC	JN18EU	20260925	1
EA5DME	IM99BA	20260925	1
G4ABI	IO91WM	20260925	1
R9LTR	MO47MT	20260925	1
JH1WBG	PM95VQ	20260925	1
IK5CBE	JN53NV	20260925	1
OK2BRZ	JN89PR	20260925	1
4U1A	JN88CD	20260925	1
RA3XX	KO74RK	20260925	1
SP2WRH	KO02MF	20260925	1
UA5WU	KO81AS	20260925	1
JA1CXC	PM95VQ	20260925	1
K3HPA	FN10BT	20260925	1
EA5WU	IM99WV	20260925	1
R1BHJ	KO59DW	20260925	1
YL2GC	KO26BW	20260925	1
LA0FA	JO59LW	20260925	1
MM0ZBH	IO75VV	20260925	1
K2B	FN21RE	20260925	1
R6DZ	KO65MA	20260925	1
WA2FHJ	FN13SK	20260925	1
G1SYT	IO91WM	20260925	1
UR4HB	KN69SN	20260925	1
VE9VOX	FN75BK	20260925	1
HB9ESC	JN36BE	20260925	1
JA7PAV	QN00IT	20260925	1
ON3CCN	JO21AA	20260925	1
VO1DZA	GN37PO	20260925	1
EA1GE	IN51OW	20260925	1
PD0DHB	JO22KJ	20260925	1
G3XAJ	IO91WM	20260925	1
JN1SCA	PM95VQ	20260925	1
G8XXI	IO91WM	20260925	1
IK8AXD	JN71AA	20260925	1
IZ1DSJ	JN61GV	20260925	1
RL3BC	KO85TS	20260925	1
US6IKN	KN88OG	20260925	1
JA2ORW	PM85KE	20260925	1
YU7BPQ	JN95WG	20260925	1
VK2ZAZ	QF44NR	20260925	1
JA3XXK	PM75VA	20260925	1
SP1B	JO73GK	20260925	1
EA1BF	IN72FN	20260925	1
EA3AZW	JN11CK	20260925	1
PD4CDB	JO22MA	20260925	1
G3WOO	IO91WM	20260925	1
UA3AIL	KO85TS	20260925	1
EA5DKX	IN81DJ	20260925	1
I8IGS	JM78TC	20260925	1
5B4APL	KM65QE	20260925	1
OE3OKU	JN88EE	20260925	1
BH1BXX	KN95RI	20260925	1
F1UGK	JN18EU	20260925	1
IK5DFG	JN53MA	20260925	1
G0IYT	IO91WM	20260925	1
DL1DT	JO32MA	20260925	1
MM0ZBM	IO75VV	20260925	1
IU8MHQ	JN71AA	20260925	1
R7LR	LN07OU	20260925	1
UR4HW	KN69SN	20260925	1
VE3DCD	EN93SC	20260925	1
EA3T	JN11CK	20260925	1
RW1XL	KO47PH	20260925	1
WP4JCF	FK68UE	20260925	1
JE4IVN	PM75CJ	20260925	1
EA4AZW	IN81DJ	20260925	1
EC3DR	IN62CO	20260925	1
DG0LAC	JO32MA	20260925	1
E21EBC	OK03GS	20260925	1
JH2HIW	PM85KE	20260925	1
IK4USB	JN54AA	20260925	1
DL4EEC	JO62RM	20260925	1
RW9CHB	MO08PQ	20260925	1
JH3HGI	PM74EU	20260925	1
UT5VD	KO50DE	20260925	1
JF1IKC	PM95VQ	20260925	1
UR4UD	KO50DE	20260925	1
G0GWP	IO91WM	20260925	1
PA9R	JO22KJ	20260925	1
JR1NUR	PM95VQ	20260925	1
S57NIL	JN76GB	20260925	1
K7MT	DN36XS	20260925	1
VE3PQ	FN04AS	20260925	1
OO21BM	JO21AA	20260925	1
DG9MA	JN58DI	20260925	1
KM3T	FN42EU	20260925	1
IK1JGU	JN44WC	20260925	1
RV9FF	LO88DA	20260925	1
VE3PK	FN03PV	20260925	1
JA4NLT	PM75CJ	20260925	1
U8AZ	MN41OG	20260925	1
LA8HK	JO59IW	20260925	1
IK4INR	JN54AA	20260925	1
DO7BRS	JO43BF	20260925	1
N4LAZ	EM95NU	20260925	1
K2UF	FN32DS	20260925	1
N9IUP	EN61AM	20260925	1
W4CBX	EM86VN	20260925	1
UT5TD	KO50DE	20260925	1
IT7HTB	JM68QB	20260925	1
LZ1CK	KN12PQ	20260925	1
M0ICF	IO91WM	20260925	1
IU0GBR	JN62AA	20260925	1
YB0AZ	OI33JS	20260925	1
OH7MHZ	KP20LE	20260925	1
UR4ED	KO50DE	20260925	1
F4BPJ	JN03PV	20260925	1
EA3LU	JN11CK	20260925	1
UE0FF	QO10HN	20260925	1
EA1BNT	IN72FN	20260925	1
JH4UYB	PM64QL	20260925	1
PD4HDR	JO22MA	20260925	1
RK6MK	LN07OU	20260925	1
AI4Y	FM05NT	20260925	1
AA4LB	EM84VR	20260925	1
IK4CDZ	JN61GV	20260925	1
IW4GJR	JN54AA	20260925	1
VU2LBM	ML89MA	20260925	1
LA7KY	JO59IW	20260925	1
EA4Y	IN81DJ	20260925	1
EA3GCT	JN01XG	20260925	1
IK4DCJ	JN54AA	20260925	1
WB4SON	FN41GN	20260925	1
DJ8M	JO32MA	20260925	1
JR6QFV	PM53GO	20260925	1
N4CDW	EM64PU	20260925	1
IK7DPS	JN80MA	20260925	1
DJ8JJ	JO31ML	20260925	1
BV4VE	PL05SA	20260925	1
EA1GAZ	IN81DJ	20260925	1
IK0SOA	JN61GV	20260925	1
VK3CWF	QF44NR	20260925	1
OH2GN	KP20LE	20260925	1
DL1DTD	JO71CK	20260925	1
G0HVS	IO91WM	20260925	1
EA3EGH	JN11CK	20260925	1
WA2ECO	FN30AR	20260925	1
RA3DX	KO85LQ	20260925	1
JA0BBE	PM96CP	20260925	1
DL9MA	JO62RM	20260925	1
WB2VIR	FN20EH	20260925	1
M0BOY	IO91WM	20260925	1
YU7VG	JN95WG	20260925	1
G0VGS	IO84NB	20260925	1
RA3DE	KO85LQ	20260925	1
IK5HPS	JN53MA	20260925	1
JR8QFG	QN03PC	20260925	1
JE8ASA	PM95VQ	20260925	1
VE3CJK	FN14DL	20260925	1
K4KEL	EM60HO	20260925	1
N3GIS	FM19HK	20260925	1
UA1OK	LP13MM	20260925	1
WA5LRC	EM30JF	20260925	1
W9TTY	EN61DW	20260925	1
DG8DT	JO32MA	20260925	1
JE1FQB	PM95VQ	20260925	1
JH1WCL	PM95VQ	20260925	1
JE1TNL	PM95VQ	20260925	1
PA3AMD	JO22EB	20260925	1
IK6WMJ	JN63AA	20260925	1
JA2WDN	PM85KE	20260925	1
PG0JT	JO22MA	20260925	1
IZ1DSZ	JN45AA	20260925	1
9A3IT	JN75XT	20260925	1
YO9BAK	KN34AW	20260925	1
OH3DP	KP10TT	20260925	1
K0KL	EM48KT	20260925	1
JA3FXT	PM75VA	20260925	1
JN1RQV	PM95RJ	20260925	1
JN1KER	PM95VQ	20260925	1
UT3EI	KO50DE	20260925	1
JA4FVA	PM75CJ	20260925	1
IK5CBR	JN53MA	20260925	1
WA8EBM	EN72DX	20260925	1
IU0GCR	JN62AA	20260925	1
M5DZH	IO91WM	20260925	1
4S7AB	NJ07BD	20260925	1
JH0RRN	PM96CP	20260925	1
RW4WP	LO67JG	20260925	1
EA2EAW	IN92EE	20260925	1
DL6XK	JN49GX	20260925	1
OK5LK	JO70FB	20260925	1
EA2K	IN92EE	20260925	1
JR2LNF	PM85KE	20260925	1
RU3BQ	KO85RP	20260925	1
KE4BKL	FM06RH	20260925	1
8J8VLP	PM95VQ	20260925	1
K3MT	FM19NX	20260925	1
EA8CNX	IL18UL	20260925	1
R6DB	KN95RI	20260925	1
K0EKL	EN37XU	20260925	1
DK0JP	JO32MA	20260925	1
AP2AJM	MM71EN	20260925	1
EB1AOI	IN72FN	20260925	1
DG5CAG	JO32MA	20260925	1
LZ9CWK	KN22MA	20260925	1
EA1FBU	IN52PE	20260925	1
JH7PKU	PM97CD	20260925	1
DL5EEC	JO32MA	20260925	1
RA0SCN	OO37AI	20260925	1
JG1XUZ	PM95VQ	20260925	1
JE1NZZ	PM96NE	20260925	1
IK8GLD	JN71AA	20260925	1
IL18SK	JN61GV	20260925	1
OK1OK	JN69QR	20260925	1
RA4HD	LO53FK	20260925	1
7K1VKU	PM95VQ	20260925	1
XE1KK	EK17PB	20260925	1
TG9AOR	EK44RP	20260925	1
RP75AF	KO96AA	20260925	1
EA3CAZ	JN01SF	20260925	1
EA3HAH	JN11CK	20260925	1
VE2OTA	FN35BL	20260925	1
UA9WV	LO84DL	20260925	1
F5CAC	JN37LK	20260925	1
PM85SE	OI33KT	20260925	1
LA9FLW	JO59IW	20260925	1
JH6TYB	PM53GO	20260925	1
IK5BCE	JN53MA	20260925	1
UN6N	MN42TH	20260925	1
EA2AQW	IN92EE	20260925	1
RN6LN	LN07OU	20260925	1
UA6LN	LN07OU	20260925	1
EA2AWD	IN92EE	20260925	1
7N1PFW	PM95VQ	20260925	1
VE3ZV	EN92UW	20260925	1
G8ABI	IO91WM	20260925	1
G8IKP	IO91WM	20260925	1
JA4UIT	PM95VQ	20260925	1
IK4DRW	JN61GV	20260925	1
JA0VKM	PM96CP	20260925	1
DM3CW	JO71EN	20260925	1
IK6BJM	JN63AA	20260925	1
JK7BEJ	QN00JT	20260925	1
9H1LO	JM75FV	20260925	1
DG0JPM	JO60EH	20260925	1
9CPING	LM55RR	20260925	1
R7M	LN07OU	20260925	1
RP75MP	KO96AA	20260925	1
JF2LKG	PM85KE	20260925	1
JA2OL	PM85KE	20260925	1
PA1EAQ	JO22MA	20260925	1
W8MRR	EN62WS	20260925	1
DL1NUO	JO32MA	20260925	1
VK6AKI	QF44NR	20260925	1
YB8XM	PI46BI	20260925	1
EA2TT	IN82MQ	20260925	1
RA1NO	KP63MT	20260925	1
JI1DMH	PM96NF	20260925	1
EA8CUQ	IL18UL	20260925	1
PA3BWK	JO22OC	20260925	1
EC2CW	IN92EE	20260925	1
RP75SP	KO96AA	20260925	1
UA9YMI	NO66MA	20260925	1
JA7PDU	QN00IT	20260925	1
JF1DXC	PM95VQ	20260925	1
R75ROP	KO96AA	20260925	1
KP3A	FK68OL	20260925	1
JE0IBO	PM96CP	20260925	1
N1HMT	FN42MN	20260925	1
JF1NDT	PM95VQ	20260925	1
EC5W	IN81DJ	20260925	1
RA9YMI	NO12HS	20260925	1
UA3MBJ	KO96AA	20260925	1
OH5IK	KP20LE	20260925	1
PD5BTB	JO22MA	20260925	1
EA1GAW	IN72FN	20260925	1
EA4CYO	IN81DJ	20260925	1
W1IPA	CM87UV	20260925	1
N9ZL	FM09VC	20260925	1
WP4UU	FK78BA	20260925	1
W2ZF	FN30BR	20260925	1
HL4BPL	PM35JE	20260925	1
AL7JK	BP51JF	20260925	1
EA4ALP	IN81DJ	20260925	1
9W6ZUL	OJ85AX	20260925	1
RP75MLI	KO96AA	20260925	1
RP75P	KO96AA	20260925	1
LA1BNA	JO49UC	20260925	1
RP75ML	KO96AA	20260925	1
JO2ASQ	PM85KE	20260925	1
PD9BEB	JO22MA	20260925	1
IZ2CPO	JN45TP	20260925	1
YC5YC	OJ00RL	20260925	1
JG0AWE	PM96CP	20260925	1
EA1ILV	IN72FN	20260925	1
EU1AI	KO33SV	20260925	1
JH1BSK	PM95VQ	20260925	1
UA6AH	KN94CU	20260925	1
M0ILE	IO91WM	20260925	1
DL5KD	JO62RM	20260925	1
YO1R	KN34AA	20260925	1
9H1HW	JM75GV	20260925	1
SP9TPP	JO90XB	20260925	1
SP9PFF	JO90XB	20260925	1
DG7LAD	JO32MA	20260925	1
SV2KGP	KN10GT	20260925	1
EA8CUZ	IL18QG	20260925	1
KK1G	EN90GL	20260925	1
9H1GX	JM75GV	20260925	1
IK1LLD	JN44BF	20260925	1
EA2BJM	IN81DJ	20260925	1
DF9DX	JO31FA	20260925	1
UT3UCP	KO50DE	20260925	1
UR9MS	KO50DE	20260925	1
IK4HPS	JN54WO	20260925	1
DL3MLP	JN57WV	20260925	1
ON3ONX	JO20FW	20260925	1
EA2LU	IN92DT	20260925	1
RA5G	KO92NQ	20260925	1
UA3DIL	KO85LQ	20260925	1
F6GLZ	JN18EU	20260925	1
IW3SSA	JN66NC	20260925	1
EA1CJ	IN71SW	20260925	1
K5OE	EM20GK	20260925	1
EA4GFA	IN81DJ	20260925	1
EA1DJ	JN88EE	20260925	1
OM1YU	JN88ND	20260925	1
IZ3CNJ	JN61GV	20260925	1
IZ1MHQ	JN61GV	20260925	1
OE6MDF	JN77XG	20260925	1
IK1SP	JN45AA	20260925	1
EC1KR	IN70PP	20260925	1
I4EUM	JN54LK	20260925	1
IK7DZN	JN80MA	20260925	1
DO1ADM	JO32MA	20260925	1
R8CT	MO08PQ	20260925	1
EA4T	IN80DL	20260925	1
IQ1SP	JN44VC	20260925	1
F5TAB	JN29WF	20260925	1
IU8GTA	JN71AA	20260925	1
EA2EGM	IN92EE	20260925	1
RN1NW	KP71DS	20260925	1
VO1FOG	GN37IN	20260925	1
EA5GFA	IM99BA	20260925	1
CT1CGZ	IM58KQ	20260925	1
SQ2XE	JO94BM	20260925	1
IV3RYQ	JN61GV	20260925	1
OM3RC	JN88MA	20260925	1
EA3GAA	JN11AI	20260925	1
HB9IQU	JN47JF	20260925	1
IZ5WNR	JN53MA	20260925	1
EA8CUN	IL18UL	20260925	1
IK5NRF	JN53MA	20260925	1
I6IBI	JN63AA	20260925	1
OE2SNL	JN67KK	20260925	1
AD0HJ	EN26UO	20260925	1
9H1XT	JM75GV	20260925	1
UX7LT	KN89TQ	20260925	1
RR7FC	LN15PB	20260925	1
K7VNE	DM43DO	20260925	1
EA8CU	IL18UL	20260925	1
UA9OEF	NO66MA	20260925	1
UY0LS	KO50DE	20260925	1
EA7HOL	IN81DJ	20260925	1
PD0MO	JO22MA	20260925	1
EA3GHA	JN01OC	20260925	1
OK4VO	JO70FB	20260925	1
NG3S	FN21AA	20260925	1
F4HTC	JN19AA	20260925	1
G4HEL	IO91WM	20260925	1
DJ2NR	JO50VE	20260925	1
N5TM	EL29DS	20260925	1
IW7EGJ	JN90BJ	20260925	1
K5BCN	EM34RH	20260925	1
W4RYZ	EM70DE	20260925	1
KB4PML	EM90EG	20260925	1
EN50EN	KO50AA	20260925	1
DL4NDU	JO62RM	20260925	1
LA2Z	JO59FK	20260925	1
BO49DT	PL05SA	20260925	1
R9RR	MO25JN	20260925	1
G4GVB	IO90QT	20260925	1
DL5LR	JO32MA	20260925	1
II3BIA	JN55MA	20260925	1
IK7CBD	JN80MA	20260925	1
DP0MVE	JN19AA	20260925	1
EB1BO	IN72FN	20260925	1
KE9EJ	EN53MQ	20260925	1
EA3HWE	IN81DJ	20260925	1
DL5FAC	JO62RM	20260925	1
F8BMI	IN78OI	20260925	1
EA3YD	JN01MC	20260925	1
UR4FD	KN56AA	20260925	1
C6AMA	FL31KA	20260925	1
ON3PU	JO20DU	20260925	1
EA5Z	IM99BA	20260925	1
VE5SWL	DN79AP	20260925	1
OM2VC	JN88MG	20260925	1
HB9DJJ	JN36BE	20260925	1
EA6AM	JM29BW	20260925	1
RX6AQD	KN95RI	20260925	1
XX1QB	OL62SE	20260925	1
IT9FZT	JM68QB	20260925	1
RN0CW	PO84JT	20260925	1
YD0NXX	OI33KT	20260925	1
SP6U	JO81MC	20260925	1
LZ1QB	KN12PQ	20260925	1
OM2RC	JN88ND	20260925	1
EA7E	IM77AJ	20260925	1
M6KOG	IO91WM	20260925	1
SP8ASD	KO11GG	20260925	1
DL1SBY	JO32MA	20260925	1
M0KOG	IO91WM	20260925	1
RT1L	KO59DW	20260925	1
DL5FDAB	JO32MA	20260925	1
PY1AX	GG87IC	20260925	1
OK7SX	JN69XQ	20260925	1
R110WG	KO96AA	20260925	1
I8KPV	JN70JQ	20260925	1
CT3GOY	IM12NP	20260925	1
LU2FGL	FF98PJ	20260925	1
ES4RM	KO29JK	20260925	1
WP4JFC	FK68XK	20260925	1
WP4CJF	EN52VA	20260925	1
K1GMM	FN42DJ	20260925	1
P41E	FK42UM	20260925	1
UA0LFA	NO66MA	20260925	1
IK4WTU	JN64CP	20260925	1
RX3DCZ	KO85LQ	20260925	1
DP0MUE	JO32MA	20260925	1
OE7GHJ	JN67BM	20260925	1
DL3RCG	JN68CN	20260925	1
JL1CGT	PM95VQ	20260925	1
JA2OLJ	PM85KE	20260925	1
R9ABA	MO04DM	20260925	1
SP1WSR	JO73GJ	20260925	1
F0DLX	JN19AA	20260925	1
IW2NIS	JN45OO	20260925	1
IW8ESJ	JN71AA	20260925	1
R9ABQ	MO04DM	20260925	1
YO8CFB	KN36LN	20260925	1
R3KMS	LO01BB	20260925	1
UR5FLN	KO50DE	20260925	1
F8BCU	JN18EU	20260925	1
DH0GDE	JO62RM	20260925	1
DL5FAB	JN49HU	20260925	1
OK1PGS	JN69QS	20260925	1
UX0UO	KO50DE	20260925	1
EA1GAR	IN51NW	20260925	1
EA4ZK	IN80EA	20260925	1
IK6RJU	JN62TU	20260925	1
7Z1SJ	LL35MA	20260925	1
R9LAU	MO47MT	20260925	1
PD0JT	JO22MA	20260925	1
G1ILJ	IO91WM	20260925	1
SQ3MZU	JO72OS	20260925	1
DL1YAL	JO62RM	20260925	1
R9LR	MO47MT	20260925	1
UN7GN	MN83KG	20260925	1
RM9C	MO08PQ	20260925	1
R7MW	LN07OU	20260925	1
ON5PU	JO21LH	20260925	1
OH6BQH	KP20LE	20260925	1
DL6AP	JO32MA	20260925	1
M0GIW	IO91WM	20260925	1
US5MAJ	KO50DE	20260925	1
RZ3RZ	LO02RR	20260925	1
IS0MPC	JN40MF	20260925	1
JR3LNG	PM75VA	20260925	1
K1PAD	FN42IN	20260925	1
N7RP	DM65SD	20260925	1
DL7OAP	JO62RM	20260925	1
RK3T	LO26GL	20260925	1
WI6K	DM14DC	20260925	1
UB8CJL	MO08PQ	20260925	1
EA5GX	IM99WV	20260925	1
UR7IHD	KO50DE	20260925	1
DL5AP	JO32MA	20260925	1
DO1AM	JO62RM	20260925	1
DM2TT	JO32MA	20260925	1
US5EOI	KN67QW	20260925	1
I5IIN	JN61GV	20260925	1
IK8SKS	JN61GV	20260925	1
RW9SE	NO66MA	20260925	1
DV2JB	PK06GK	20260925	1
R2FAV	KO04DK	20260925	1
DF9QV	JO32QD	20260925	1
R3VE	LO06HB	20260925	1
UA3LAZ	KO65MA	20260925	1
R3FI	GI84OU	20260925	1
UA1WAN	KO47ET	20260925	1
UA3LID	KO64AS	20260925	1
4Z1JJ	KM71OS	20260925	1
CT1ISH	IM58HR	20260925	1
HB9IJJ	JN36EO	20260925	1
DL6LP	JO32MA	20260925	1
EA1PA	IN72FN	20260925	1
F5KSE	JN03QO	20260925	1
IZ6WLW	JN62PB	20260925	1
JA4FVC	PM75CJ	20260925	1
RA1OK	KP94WN	20260925	1
SP6GNI	JO81MC	20260925	1
IT9BDM	JM77NE	20260925	1
BX2ABT	PL04OU	20260925	1
OZ9BK	JO65GQ	20260925	1
JA6EGM	PM53GO	20260925	1
UA1CFM	KO69AK	20260925	1
9A7KNB	JN75XT	20260925	1
YV5KTM	FK60MM	20260925	1
GB3RS	IO92JI	20260925	1
JA0FKM	PM96CP	20260925	1
R2FBH	KO04DK	20260925	1
DJ8DE	JO62RM	20260925	1
UR3CTB	KN59RR	20260925	1
HA3FOK	JN97SD	20260925	1
UB8CJJ	MO08PQ	20260925	1
IW5CXL	JN61GV	20260925	1
GB1MIR	IO91WM	20260925	1
A65BP	LL75PG	20260925	1
F5DRD	JO10GA	20260925	1
JF3SNJ	PM75VA	20260925	1
G3PGA	IO71WB	20260925	1
I1YDT	JN34WQ	20260925	1
IW2EHJ	JN45IV	20260925	1
EA7KI	IM77AJ	20260925	1
SQ5AAG	KO02KE	20260925	1
OE3NHW	JN88CH	20260925	1
G0UYT	IO91WM	20260925	1
RA4FUT	KO91QP	20260925	1
HB9NBG	JN37SJ	20260925	1
G4GUG	IO81WQ	20260925	1
RM0C	PO84JT	20260925	1
RK3DIL	KO95SN	20260925	1
RA4UAR	LO24OE	20260925	1
OH2HOT	KP20LE	20260925	1
ON7CL	JO20KT	20260925	1
F6DRO	JN03TK	20260925	1
UR5HVR	LO07EA	20260925	1
PE1NRL	JO22MA	20260925	1
F0EVH	JN24KU	20260925	1
ON5EG	JO20DU	20260925	1
SV2RR	KN10KX	20260925	1
M0JFP	IO91WM	20260925	1
JA8KGG	PM95VQ	20260925	1
DG4CG	JN68JJ	20260925	1
R8CDB	MO08PQ	20260925	1
OH5ON	KP20LE	20260925	1
GI4SJQ	IO64SK	20260925	1
DL4SDR	JN49VL	20260925	1
IZ3ZWF	JN55MA	20260925	1
IZ8JHD	JM89EG	20260925	1
RT9L	MO47MT	20260925	1
US5MA	KO50DE	20260925	1
EA8CXN	IL18UL	20260925	1
SP3MYG	JO82BH	20260925	1
IK5ZVE	JN53MA	20260925	1
IW3RHT	JN55MA	20260925	1
JR4XME	PM75CJ	20260925	1
OH3MMF	KP21AG	20260925	1
JA1FMU	PM95VQ	20260925	1
LB2TG	JP50MA	20260925	1
DJ5MN	JN58WH	20260925	1
IZ1HMQ	JN45AA	20260925	1
UA9STM	NO66MA	20260925	1
DL6ZG	JO62RM	20260925	1
F4EVH	JN19AA	20260925	1
IV3DXW	JN65QQ	20260925	1
LW2DAF	GF05TJ	20260925	1
DL2KBH	JO32MA	20260925	1
UA0STN	NO66MA	20260925	1
SP7TEC	JO91TJ	20260925	1
UA9ZCC	NO21WX	20260925	1
UA0ZL	NO66MA	20260925	1
OE9TZV	JN88EE	20260925	1
R2FHB	KO04DK	20260925	1
LU2FCY	FF96AG	20260925	1
KP4RV	FK78DI	20260925	1
M0VOX	IO91SJ	20260925	1
EA4LO	IN80HL	20260925	1
EA4NF	IN81DJ	20260925	1
ST2NH	KK65GO	20260925	1
UN7NB	MN42TH	20260925	1
F4IAA	JN18EU	20260925	1
EA4GSX	IN80FM	20260925	1
M0TVV	IO91WM	20260925	1
KB6LTY	DM14KK	20260925	1
IT9FUR	JN61GV	20260925	1
ON6QO	JO21AA	20260925	1
4Z1WS	KM71OS	20260925	1
IT9ZSB	JM77PC	20260925	1
OM8WG	KN08PR	20260925	1
DL2KB	JO32MA	20260925	1
AM1SAT	IN72FN	20260925	1
JR2NPC	PM85KE	20260925	1
DC5MJ	JO32MA	20260925	1
VU2EXP	ML52JH	20260925	1
EB2SA	IN92EE	20260925	1
EA3SA	JN11CK	20260925	1
DJ8FO	JO32MA	20260925	1
JE1FQV	PM95TI	20260925	1
IK8JIK	JN61GV	20260925	1
IC8EPV	JN60XR	20260925	1
JA2NLT	PM95VQ	20260925	1
IV3CJR	JN65OT	20260925	1
KE8FZT	EN72EE	20260925	1
IK4UFB	JN54AA	20260925	1
DL6MFK	JN67JX	20260925	1
EA4WA	IN81DJ	20260925	1
RA1TDP	KO68EK	20260925	1
S57RW	JN76GB	20260925	1
IW0DYI	JN61NI	20260925	1
UT4LA	KO50DE	20260925	1
R9FLW	LO88DA	20260925	1
UR5LMB	KO50DE	20260925	1
CT1JLG	IM58KQ	20260925	1
DL8MS	JO32MA	20260925	1
7X3WPL	JM13KT	20260925	1
RA9XA	LP52KO	20260925	1
RX2D	KO85LQ	20260925	1
SV2JAO	KN10DN	20260925	1
UW8SM	KN28IW	20260925	1
RL3BZ	KO85ST	20260925	1
IK0UGF	JN61GV	20260925	1
CT1BYM	IM58KQ	20260925	1
YO9GJX	KN25UD	20260925	1
UR3ITU	KO50DE	20260925	1
F5RRS	JN36EB	20260925	1
YT7VG	JN95WG	20260925	1
JA6PL	PM53IU	20260925	1
SP9EGM	JN99MS	20260925	1
EA3AGB	JN00GR	20260925	1
UA3TJC	LO26GL	20260925	1
JE1CVL	PM95VQ	20260925	1
IK1IEK	JN45AA	20260925	1
ON4API	JO10NW	20260925	1
BD5EUA	OM91WA	20260925	1
RA4NDS	LO48VS	20260925	1
RA9AVL	NO66MA	20260925	1
JG2TSL	PM94EX	20260925	1
RA3LBK	KO64PW	20260925	1
EB1HRW	IN71PQ	20260925	1
SP6VGJ	KO02MF	20260925	1
PE2USA	JO22OD	20260925	1
WA8FXQ	EN65BS	20260925	1
YO9HP	KN35AA	20260925	1
IK4OLV	JN61GV	20260925	1
OD5RI	KM73UV	20260925	1
IZ0CBD	JN61FP	20260925	1
F5RRO	JN18FS	20260925	1
DL8MAI	JO62RM	20260925	1
OE1XNC	JN88EE	20260925	1
UA0ADX	NO88RJ	20260925	1
RV9CHB	NO66MA	20260925	1
OE5A	JN78DH	20260925	1
G7SVF	IO91WM	20260925	1
UX0FF	KN45KJ	20260925	1
BD5EU	PM00CG	20260925	1
IK4HLV	JN54MN	20260925	1
IW3HRT	JN55TH	20260925	1
G0IIQ	IO93VN	20260925	1
G0ABI	IO80BU	20260925	1
EB1AO	IN81DJ	20260925	1
IK7HTB	JN80PJ	20260925	1
PD9BTB	JO22KJ	20260925	1
IU1IEK	JN44SA	20260925	1
EA5WA	IM99SB	20260925	1
G1HCM	IO91WM	20260925	1
UA4FKD	LO23GG	20260925	1
CT1EIF	IM68GD	20260925	1
UA0STM	NO66MA	20260925	1
F5JLQ	JO00WW	20260925	1
G3ABI	IO91WM	20260925	1
RU9FV	LO88SU	20260925	1
UA9LFA	NO66MA	20260925	1
DM9EE	JO32MA	20260925	1
F5SRH	IN97AQ	20260925	1
UR5UY	KO50DE	20260925	1
M0NPD	IO91WM	20260925	1
RA9FLW	NO66MA	20260925	1
IV3CYF	JN65IX	20260925	1
2M0SQL	IO87JP	20260925	1
UA0AXX	NO66MA	20260925	1
UA9KDF	MP84VV	20260925	1
R7LB	LN07OU	20260925	1
UA9FLW	NO66MA	20260925	1
N1AIA	FN43NH	20260925	1
F6HCC	JN18EU	20260925	1
IZ8FAV	JN70ET	20260925	1
SV9IOQ	KM25JF	20260925	1
DL5GAC	JN47UT	20260925	1
MI0DWE	IO74AO	20260925	1
MU0FAL	IN89RL	20260925	1
SM0MDG	JO99AH	20260925	1
R1NI	KP63MT	20260925	1
JK3HFN	PM75VA	20260925	1
EI3GWB	IO63WI	20260925	1
IN3EBE	JN56ND	20260925	1
ES4RR	KO49CI	20260925	1
RW9ST	LO91HF	20260925	1
DO4BMW	JO62RM	20260925	1
JH8FIH	QN14QI	20260925	1
UR5RQP	KO51UE	20260925	1
EA2AZW	IN82PP	20260925	1
OE3WHU	JN88FJ	20260925	1
UA3RAW	LO02RR	20260925	1
DC6DA	JO32MA	20260925	1
IZ1WTO	JN45AA	20260925	1
9H1GB	JM75FU	20260925	1
EA1BO	IN72FN	20260925	1
DL2QC	JO30EW	20260925	1
DL1HC	JO32MA	20260925	1
IK1SLD	JN45FC	20260925	1
SP9TXX	JO90XB	20260925	1
ON4AEG	JO21AA	20260925	1
DK7ZB	JO41XE	20260925	1
IK3XKQ	JN61GV	20260925	1
I6IBE	JN62WC	20260925	1
EA1BYC	IN70EX	20260925	1
IZ0UFB	JN62AA	20260925	1
RA3LBA	KO65MA	20260925	1
WB0HHM	EN13PN	20260925	1
UA3LBK	KO65MA	20260925	1
N6OVP	CM87RW	20260925	1
UR8MH	KN98FV	20260925	1
UK8AAR	MN41OI	20260925	1
JA7SLS	QN00IT	20260925	1
JA1VVH	PM96PE	20260925	1
JA1KXB	PM95VQ	20260925	1
G0IIG	IO91WM	20260925	1
G0IOZ	IO92JI	20260925	1
EB3SA	JN11AJ	20260925	1
DH2PA	JN49AE	20260925	1
DL4ZAB	JO41RH	20260925	1
SQ6POB	JO81MC	20260925	1
JJ1KXB	PM95VQ	20260925	1
4X1KS	KM71MW	20260925	1
YO2CMI	KN05WQ	20260925	1
G7LJA	IO70SK	20260925	1
RG4D	LO31IS	20260925	1
EB3CWL	JN01OK	20260925	1
GM0ICF	IO75SJ	20260925	1
IW1FGY	JN61GV	20260925	1
2E1EBX	JO02FW	20260925	1
RG61PP	KO65MA	20260925	1
RA9LAN	NO66MA	20260925	1
F4DX	JN18EU	20260925	1
DL9GB	JO32MA	20260925	1
VE6WK	DO20WV	20260925	1
DS2BWU	PM37AA	20260925	1
NK1N	FN20QL	20260925	1
9A3ST	JN75BC	20260925	1
IZ5TEP	JN53DU	20260925	1
DL7UZO	JO62RN	20260925	1
RA9DA	MO17MP	20260925	1
UA9AKC	MO04DM	20260925	1
PA3DJR	JO22KJ	20260925	1
9H1IF	JM75FV	20260925	1
EI9EW	IO62MJ	20260925	1
IK1YRC	JN61GV	20260925	1
OK1DMP	JN79IX	20260925	1
OH8MBN	KP24SX	20260925	1
EC4TR	IN81DJ	20260925	1
OH5LK	KP20LE	20260925	1
R1NW	KP63MT	20260925	1
UA4CRI	LO32VB	20260925	1
EA7IU	IN81DJ	20260925	1
9A2EY	JN75XT	20260925	1
RK6MC	LN07OU	20260925	1
IK4MSV	JN54HQ	20260925	1
DJ8MS	JO64AD	20260925	1
F4DXV	JN04IU	20260925	1
SP9TTX	JO90SG	20260925	1
EC5CIA	IM99SL	20260925	1
HB9OAB	JN46ME	20260925	1
ON5AEG	JO21AA	20260925	1
F0DIH	JN17AF	20260925	1
HA1SE	JN87MO	20260925	1
UY7VV	KO50DE	20260925	1
OM4MX	JN98AV	20260925	1
UA9FFF	LO88CA	20260925	1
EA5TT	IM99SL	20260925	1
M0NPT	IO91WM	20260925	1
UA9CED	PN66WB	20260925	1
UN9FWW	MO71QR	20260925	1
IK8YSS	JN61GV	20260925	1
EA4TV	IN80DJ	20260925	1
F8BUI	JN18DE	20260925	1
RK3LC	KO65MA	20260925	1
G4DOL	IO80SO	20260925	1
DG0ER	JO60PU	20260925	1
UA0SUN	NO66MA	20260925	1
SV1RK	KM17VU	20260925	1
R8AAC	MO04DM	20260925	1
F0DIG	JN18EU	20260925	1
R8AZ	MO04DM	20260925	1
W0NBC	EM48RR	20260925	1
UY2RA	KO50DE	20260925	1
YO5BAK	KN07WE	20260925	1
DL5OCD	JO42XG	20260925	1
SP6BNG	JO81BP	20260925	1
DL8RCB	JN68RS	20260925	1
PE1NIL	JO21UN	20260925	1
JA0CAW	PM97NW	20260925	1
UA9L	MO47MT	20260925	1
WC7V	DN45RQ	20260925	1
G8TZJ	IO91WM	20260925	1
DM8WP	JO60GU	20260925	1
R3ZD	KO80RS	20260925	1
CR7ALJ	IM58KQ	20260925	1
ON5NV	JO20DU	20260925	1
AF5CC	EM04QT	20260925	1
F4ALP	JO10OP	20260925	1
UR4QV	KN77QD	20260925	1
EG0ER	IN81DJ	20260925	1
F4GWG	JN19AA	20260925	1
OH2BPU	KP20PP	20260925	1
IZ4FXC	JN54AA	20260925	1
PI4DEV	JO22KJ	20260925	1
DL6MI	JO32MA	20260925	1
DJ8DT	JO40PS	20260925	1
WN9Q	EN64DC	20260925	1
F1GZV	JN24MB	20260925	1
OK1DPM	JO70FB	20260925	1
ES6SW	KO37DU	20260925	1
RA0SP	OO37AI	20260925	1
UA6LFD	KN97TF	20260925	1
F4DIH	JN19AA	20260925	1
M1EAK	JO01NT	20260925	1
RA1TD	KO67PX	20260925	1
IZ5DFE	JN53MA	20260925	1
IZ4UAB	JN54AA	20260925	1
OE6WND	JN77QA	20260925	1
OE3KEU	JN88DC	20260925	1
ON4CJQ	JO21KA	20260925	1
IK7IJR	JN81KC	20260925	1
G4NMD	IO91WM	20260925	1
5P5FI	JO66MA	20260925	1
BG5VAR	OM89FV	20260925	1
IW2DZN	JN45AA	20260925	1
EI6HHB	IO63WI	20260925	1
UR5FCC	KN45TJ	20260925	1
UB4CJB	LO31IS	20260925	1
W7FCL	CN87TN	20260925	1
EA4JYQ	IN81DJ	20260925	1
EC1NT	IN72FN	20260925	1
DG1MAJ	JO32MA	20260925	1
EB1ET	IN73WI	20260925	1
R8CFP	MO08PQ	20260925	1
FC1L	JN19AA	20260925	1
S56LXB	JN76GB	20260925	1
HA1MN	JN97MM	20260925	1
R3KFT	LO01BB	20260925	1
RW6HOA	LN15PB	20260925	1
G0MKI	IO91WM	20260925	1
EA3KJB	JN11CK	20260925	1
UB9WBI	LO84DL	20260925	1
ON4BAF	JO20OT	20260925	1
DL2GRX	JO32MA	20260925	1
R9061GP	NO59UV	20260925	1
JH4MTE	PM75CJ	20260925	1
UB7QMO	LN23LE	20260925	1
BG2FOM	PN35HS	20260925	1
BG2FNU	PN35HS	20260925	1
YU1EN	KN04FT	20260925	1
BG3OP	OM78GA	20260925	1
DK3HV	JO31CJ	20260925	1
YT2DZB	KN04FT	20260925	1
SQ9FME	JO90XB	20260925	1
UA9ORM	NO66MA	20260925	1
PD8W	JO22MA	20260925	1
G7MYR	IO91WM	20260925	1
BG7BEX	OL68LF	20260925	1
YO3PGF	KN34HC	20260925	1
BI4KKZ	OM86MQ	20260925	1
JL7CTR	QN00IT	20260925	1
EW7BY	KO33TV	20260925	1
SP6KMI	KO02MF	20260925	1
F4JTV	JN19AA	20260925	1
2E0CRV	IO91WM	20260925	1
DL6GRC	JO32MA	20260925	1
F4JPV	JN19AA	20260925	1
YO7CKP	KN34BK	20260925	1
R3IBZ	KO77HD	20260925	1
JA4MTE	PM75CJ	20260925	1
LZ1LZI	KN22MA	20260925	1
US5QOS	KO50DE	20260925	1
RA9CM	NO66MA	20260925	1
UA9CAD	NO66MA	20260925	1
IK3XGG	JN55MA	20260925	1
BI4KZZ	OM86MQ	20260925	1
IW7DGY	JN61GV	20260925	1
M7AND	IO91WM	20260925	1
DL9GAP	JO32MA	20260925	1
BI4PBV	OM86MQ	20260925	1
DL5ASG	JO32MA	20260925	1
R6DMV	KN95RI	20260925	1
UD6ASZ	KN95RI	20260925	1
RB4GJB	LO23GG	20260925	1
EW7RF	KO53EW	20260925	1
R2APU	KO85TS	20260925	1
ER1KW	KN47GA	20260925	1
IU2JMZ	JN61GV	20260925	1
R3LDP	KO65MA	20260925	1
ON3WD	JO20DU	20260925	1
LZ1BBZ	KN22MA	20260925	1
LZ1AEW	KN22MA	20260925	1
UB3LBA	KO65MA	20260925	1
YO3PFG	KN34BK	20260925	1
BI4KSR	OM86MQ	20260925	1
UX0DZ	KO50DE	20260925	1
UR4DWP	KO50DE	20260925	1
DL9GX	JO32MA	20260925	1
SQ9AES	JO90XB	20260925	1
BH0INE	NL59NO	20260925	1
R2DVU	KO85LQ	20260925	1
IW3RJK	JN55MA	20260925	1
SV1LJJ	KM17UX	20260925	1
RA9Y	NO12HS	20260925	1
BH3GPE	ON40US	20260925	1
YO7CGS	KN34BK	20260925	1
BG0DPT	NN33ST	20260925	1
TA1BX	KN41LB	20260925	1
SP2MWZ	KO02MF	20260925	1
SP9DSD	JO90KG	20260925	1
I3BUI	JN55TR	20260925	1
EA1FBW	IN72FN	20260925	1
DJ7NT	JO62RM	20260925	1
M7OND	IO91WM	20260925	1
OK3LC	JO70FB	20260925	1
OE5FPE	JN78DH	20260925	1
I8IPV	JN71AA	20260925	1
IK8IPV	JN71AA	20260925	1
BG6HXD	OM81OU	20260925	1
EI2KW	IO63WI	20260925	1
RV3IP	KO77HD	20260925	1
F4CWZ	JN38BQ	20260925	1
SP7OQI	JO91RS	20260925	1
DO7OO	JO62RM	20260925	1
SP7OJI	JO91RS	20260925	1
EA5IYL	IN81DJ	20260925	1
OE6CGD	JN88EE	20260925	1
RZ6AI	KN95RI	20260925	1
UR9FCC	KN56AA	20260925	1
ON4AOL	JO21AF	20260925	1
BG7DRM	OL68LF	20260925	1
IK6GMZ	JN63AA	20260925	1
SP9VFH	JO90XB	20260925	1
IZ8SNL	JN71AA	20260925	1
PD0MLR	JO22KJ	20260925	1
BH9DKD	OM44KG	20260925	1
RZ3AQV	KO85TS	20260925	1
BI6DPR	OM81OU	20260925	1
EI5GB	IO63WI	20260925	1
RW6HLL	LN15PB	20260925	1
RA9LDP	MO47MT	20260925	1
EB1ITJ	IN81DJ	20260925	1
SQ3KD	JO72OS	20260925	1
IW3RGM	JN55MA	20260925	1
ES4SA	KO49CI	20260925	1
M0SSM	IO91WM	20260925	1
UB6LPY	LN07OU	20260925	1
M7EUR	IO91WM	20260925	1
UT5IZZ	KN87RU	20260925	1
UB3QAA	LO01BB	20260925	1
LA1HK	JO59IW	20260925	1
DK0BT	JO62RM	20260925	1
S55MS	JN76GB	20260925	1
M0IIG	IO91WM	20260925	1
BG0ALL	NN33ST	20260925	1
BG2LNA	PN23QU	20260925	1
RA3DIL	KO85LQ	20260925	1
BG6UKO	OM70DO	20260925	1
JK1QAY	PM95VQ	20260925	1
R2BIG	KO85TS	20260925	1
IT9EWK	JM68QB	20260925	1
UN7NZZ	MN42TH	20260925	1
BG2LN	PN23QU	20260925	1
BG2LHJ	PN23QU	20260925	1
EA1FCF	IN82EI	20260925	1
DK9JCJ	JN39MF	20260925	1
BG0DLL	NN33ST	20260925	1
JH0INE	PM95VQ	20260925	1
BG2LIQ	PN23QU	20260925	1
BG2AAP	PN35HS	20260925	1
DR135T	JO32MA	20260925	1
EA5FNE	IM97KX	20260925	1
IK8HKQ	JN71AA	20260925	1
DJ3DIL	JO32MA	20260925	1
EW6OI	KO55CE	20260925	1
IZ4WBU	JN54AA	20260925	1
UB8SDL	LO72TD	20260925	1
RA3DPH	KO85LQ	20260925	1
PD4TJ	JO22MA	20260925	1
RA9FKY	NO66MA	20260925	1
BH2LHJ	PN23QU	20260925	1
LZ2PAJ	KN12PQ	20260925	1
BG2LBJ	PN23QU	20260925	1
R7NK	KN97KF	20260925	1
HZ1SAR	LL56AH	20260925	1
BG2LLP	PN23QU	20260925	1
BI4IXG	OM86MQ	20260925	1
BG2TAA	OM89FV	20260925	1
BD8BDK	OM20AQ	20260925	1
BH7JHX	OL63OD	20260925	1
LZ1PAJ	KN22MA	20260925	1
EA3BS	IN81DJ	20260925	1
IW3GWC	JN61GV	20260925	1
SV1LDV	KM17UX	20260925	1
9A2EJ	JN75XT	20260925	1
LZ1BWD	KN22MA	20260925	1
G6YTZ	IO81QW	20260925	1
OE6CG	JN77RB	20260925	1
UB9AAT	MO04DM	20260925	1
LA4YUA	JO59IW	20260925	1
RZ6CO	KN95RI	20260925	1
2E0HOQ	IO81MH	20260925	1
R4RW	LO55LN	20260925	1
HZ1SJ	LL56AH	20260925	1
UB1CEK	KP50VB	20260925	1
HZ20SAT	LL56AH	20260925	1
HZ1ZA	LL56AH	20260925	1
EA1AAA	IN63HM	20260925	1
G4ZHD	IO91WM	20260925	1
EA4EC	IN80DE	20260925	1
IU8AX	JN71AA	20260925	1
BG2TRM	PN11RT	20260925	1
IW3FEV	JN55MA	20260925	1
BI1NIZ	OM89FV	20260925	1
HB9GSE	JN46KA	20260925	1
YO4PGF	KN44HE	20260925	1
BG0PAT	NN33ST	20260925	1
JA7CNR	QN00IT	20260925	1
UN7EG	MO52CW	20260925	1
IL18NE	JN61GV	20260925	1
CT1DL	IM58KV	20260925	1
RA3AFM	KO85SU	20260925	1
BG0EPT	NN33ST	20260925	1
EA7AC	IM67IE	20260925	1
UB9SMS	LO72TD	20260925	1
BI8OPR	OL36IN	20260925	1
UB0SMX	OO37AI	20260925	1
RV0CHB	PO84JT	20260925	1
BG9SFE	OM06UO	20260925	1
JA7APR	QN00IT	20260925	1
ON6CL	JO21AA	20260925	1
PA0SVH	JO22MA	20260925	1
BI6OPR	OM64TT	20260925	1
BH3VBH	OM67GU	20260925	1
GM0WDD	IO85LV	20260925	1
5B4AFM	FF46ON	20260925	1
BG9SFM	OM06UO	20260925	1
OK2UZL	JN79UG	20260925	1
RX6APV	KN95RI	20260925	1
DO1MVC	JO32MA	20260925	1
RA0SCZ	NO66MA	20260925	1
EA7HJK	IM77AJ	20260925	1
UN7BFY	MO51RE	20260925	1
BG0DKZ	NN33ST	20260925	1
RA9FKV	LO88DA	20260925	1
RS0ISS	QP62UV	20260925	1
SQ9OKU	KO02MF	20260925	1
BG6HXE	OM81OU	20260925	1
RA3DNO	KO85LQ	20260925	1
EA2EWL	IN92EE	20260925	1
IS0CJV	JM49NM	20260925	1
LY1JG	KO24OJ	20260925	1
LZ2ILR	KN23MA	20260925	1
A61A	LL75QC	20260925	1
BG3GIS	ON40US	20260925	1
R9YRT	NO12HS	20260925	1
DF8IU	JN49RO	20260925	1
JA1GLK	PM95VQ	20260925	1
JA1AAF	PM95VQ	20260925	1
R0ABX	NO59UV	20260925	1
R3EDN	KO82FU	20260925	1
IW7GWC	JN80MA	20260925	1
EW8OW	KO52AV	20260925	1
BG0APT	NN33ST	20260925	1
4J6K	LN40VK	20260925	1
R4FBZ	LO23GG	20260925	1
RA33NO	KO96AA	20260925	1
BH1NEI	OM89FV	20260925	1
BI1TSU	OM89FV	20260925	1
R8CAI	MO08PQ	20260925	1
UX1X	KO40DN	20260925	1
BI4IVM	OM86MQ	20260925	1
BG2LHM	PN23QU	20260925	1
BA3ODE	OM78GA	20260925	1
DL1AYL	JO62RM	20260925	1
R1KW	KP50VB	20260925	1
EW3IB	KO12UC	20260925	1
GI0AZB	IO64IX	20260925	1
EI4JY	IO63XD	20260925	1
DL3GOP	JO32MA	20260925	1
OK8JC	JO70FB	20260925	1
0STM	JN33UT	20260925	1
R0TA	NO66MA	20260925	1
RX1IX	LP74FG	20260925	1
CT1BO	IM58KQ	20260925	1
OK1DEU	JO80DD	20260925	1
SV0SYH	KM18VA	20260925	1
BG7FFR	OL68LF	20260925	1
F1IGI	JN18EU	20260925	1
R3XAC	KO74RK	20260925	1
IK4FMQ	JN54AA	20260925	1
F6CNH	JN18EU	20260925	1
UR7HC	KN79GO	20260925	1
OE6JWD	JN77SD	20260925	1
EA1CK	IN71PP	20260925	1
RN1W	KO47PH	20260925	1
EA5BZ	IM98PG	20260925	1
SV1SJJ	KM17VX	20260925	1
DL3JOP	JO32MA	20260925	1
UA1OGV	LP13MM	20260925	1
RA3NFG	LO18UN	20260925	1
EW2AAA	KO33SA	20260925	1
YO5PZ	KN17SP	20260925	1
UX8MEM	KN98HU	20260925	1
IK7GZM	JN80MA	20260925	1
BG9SFD	OM06UO	20260925	1
DL2RBX	JO32MA	20260925	1
BA2FO	OM89FV	20260925	1
G3UCQ	IO70HE	20260925	1
DG0RO	JO32MA	20260925	1
RV3AQD	KO85TS	20260925	1
F0GFI	JO10RI	20260925	1
DL6JOP	JO32MA	20260925	1
EA1HVF	IN73BJ	20260925	1
EP2JM	LM55RR	20260925	1
EW3AW	KO33TV	20260925	1
TA4MSV	KM48AA	20260925	1
BA1AP	OM89FV	20260925	1
UT1IZZ	KO50DE	20260925	1
R4UAS	LO24FK	20260925	1
R3XCU	KO74RK	20260925	1
SP4CE	KO13ND	20260925	1
I0CVJ	JN62AA	20260925	1
SV1CIW	KM17UX	20260925	1
R4CER	LO31IS	20260925	1
UV8IE	KN87RU	20260925	1
DL5FCW	JO40EA	20260925	1
RA7KI	KN75AA	20260925	1
UK8ABX	MN41OG	20260925	1
BH7FFX	OL68LF	20260925	1
OH6KNZ	KP20LE	20260925	1
RA3YXX	KO62QW	20260925	1
RA3PDL	KO83SW	20260925	1
RA4UAS	LO24NE	20260925	1
EA9E	IM75JM	20260925	1
YL3LU	KO27AA	20260925	1
DL4CW	JO32MA	20260925	1
LU6HD	FF78VO	20260925	1
CA5JYU	FF33VJ	20260925	1
NA1SS	FM19MC	20260925	1
KO5MOS	EL29KN	20260925	1
LU4AA	GF05TJ	20260925	1
IK2NHH	JN61GV	20260925	1
F5OHH	IN97AJ	20260925	1
EG1SDC	IN73AN	20260925	1
BG2BG	PN35HS	20260925	1
RV6HKF	LN15PB	20260925	1
UB3EDN	KO82FU	20260925	1
UR4ULP	KO50DE	20260925	1
F5LPS	JN18EU	20260925	1
EG8SDC	IL18QG	20260925	1
SV3EXQ	KM07VF	20260925	1
G6LTB	IO91WM	20260925	1
EG7SDC	IN73AN	20260925	1
EB1CON	IN72FN	20260925	1
G3ZHI	IO93JK	20260925	1
G0NIT	IO91WM	20260925	1
G0NAD	IO91WM	20260925	1
HB0HF	JN47SE	20260925	1
DK1MI	JO62RM	20260925	1
ON7TB	JO10MS	20260925	1
R0LO	PN75IH	20260925	1
R1CCK	KP50VB	20260925	1
2M0IIQ	IO75VV	20260925	1
G4GDF	IO91WM	20260925	1
CT2HKC	IM58LU	20260925	1
DL3OAJ	JO32MA	20260925	1
F4JDD	JN18EU	20260925	1
2M0IIG	IO75VV	20260925	1
R275PS	KO96AA	20260925	1
R3KI	LO01BB	20260925	1
R275E	KO96AA	20260925	1
SP3CET	KO02MF	20260925	1
YO3PGO	KN34BK	20260925	1
IK8MNL	JN71AA	20260925	1
SP7ON	KO02MF	20260925	1
SP3VN	JO72OS	20260925	1
M0AGY	IO91WM	20260925	1
EA4GMY	IN80DK	20260925	1
H5LQE	JN36BF	20260925	1
EA3AN	JN11AJ	20260925	1
CT1EDG	IM58GR	20260925	1
SP3NV	JO72OS	20260925	1
IK7FMK	JN80MA	20260925	1
HP2VX	FJ08FX	20260925	1
OA4DYO	FH17LX	20260925	1
CX7FH	GF15VC	20260925	1
LU8FML	FF98PJ	20260925	1
HC3RJ	FI06AS	20260925	1
M0CIW	IO91IQ	20260925	1
UA3YW	KO62QW	20260925	1
M0VBA	IO91WM	20260925	1
DG0AR	JO32MA	20260925	1
UR9VS	KN58XI	20260925	1
BD4VNU	OM92JB	20260925	1
G0TOL	IO91WM	20260925	1
SP2BNV	JO94HI	20260925	1
LU4EFC	GF13DQ	20260925	1
LU1JAP	GF05TJ	20260925	1
LU1PD	FF58RL	20260925	1
OA4AMN	FH17MU	20260925	1
TI5KDS	EJ79XW	20260925	1
LU7KDR	GF05TJ	20260925	1
BA2DRX	PN35HS	20260925	1
LU4JVE	GF08LC	20260925	1
PT9ST	GG66TQ	20260925	1
HK5GBT	FJ13RJ	20260925	1
TI3ATS	EJ79XW	20260925	1
YL5DP	KO27AA	20260925	1
LA9SDA	JO59IW	20260925	1
DL7UKM	JN49HM	20260925	1
DZ6JZ	PK10LS	20260925	1
W4KSY	FM18JS	20260925	1
BG2DRX	PN35HS	20260925	1
SP7EPJ	KO02MF	20260925	1
SQ1RAX	JO73GK	20260925	1
9A2YOTA	JN75XT	20260925	1
W7BMD	CN87TQ	20260925	1
IK6GTM	JN63AA	20260925	1
WO2T	FN20UV	20260925	1
RA9WGG	NO66MA	20260925	1
UB2FCC	KO04DK	20260925	1
EA1RD	IN81DJ	20260925	1
F6BJY	JN18EU	20260925	1
DL8DCM	JO41BN	20260925	1
R1961GT	KO96AA	20260925	1
UA6ATG	KN95RI	20260925	1
RU9WY	NO66MA	20260925	1
R9SAT	LO72TD	20260925	1
BY4XRA	OM89FV	20260925	1
BH1TSU	OM89FV	20260925	1
BA2TY	PN11RT	20260925	1
G1MHU	IO91WM	20260925	1
DG9NAJ	JO32MA	20260925	1
JO1LWZ	PM95VQ	20260925	1
IK7FMAQ	JN80MA	20260925	1
EU7X	KO53EW	20260925	1
LU5ALS	GF05TJ	20260925	1
LU1WRL	FE56VO	20260925	1
LU9EKQ	GF05TJ	20260925	1
RN3TU	LO26GL	20260925	1
IK3IKB	JN55MA	20260925	1
JH1HHJ	PM95VQ	20260925	1
RA4UEA	LO24FK	20260925	1
G0WBD	IO91WM	20260925	1
LU1XBK	FE51JU	20260925	1
DH1OH	JO32MA	20260925	1
LU1JCJ	GF05TJ	20260925	1
SP8CIQ	KO11GG	20260925	1
LU3MAM	FF57NC	20260925	1
F4WDZ	JN19AA	20260925	1
LU8MPR	FF57OB	20260925	1
CE2IYR	FF46FW	20260925	1
YY7CAR	FK60MM	20260925	1
LU5YEC	FF51WB	20260925	1
4X4LM	KM72MA	20260925	1
EK1EM	LN20GE	20260925	1
LU3QDF	FF66TQ	20260925	1
LU8DCL	GF05TJ	20260925	1
LU8EKQ	GF05XC	20260925	1
PU5DPC	GG52RK	20260925	1
IK7MFQ	JN80MA	20260925	1
PU6JJD	HH07SA	20260925	1
GH64CC	IN89WE	20260925	1
LU4LE	GG10KG	20260925	1
YL3GGT	KO07SJ	20260925	1
IU0MBS	JN62AA	20260925	1
TI3IES	EJ89FN	20260925	1
ES6RM	KO38MB	20260925	1
DM5SG	JO32MA	20260925	1
SP7EPZ	JO91RS	20260925	1
OA4DEX	FH17LX	20260925	1
LU4DPO	GF02KQ	20260925	1
OA4DYM	FH17LX	20260925	1
HP2BPK	FJ08FX	20260925	1
MW0ILE	IO81JL	20260925	1
IK7FAQ	JN80MA	20260925	1
LU1IAS	GF05TJ	20260925	1
IK7FMG	JN80MA	20260925	1
LU3FGG	GF05TJ	20260925	1
PY5IW	GG44WV	20260925	1
EU1B0	KO33TV	20260925	1
ON4FB	JO20SO	20260925	1
SP9SVH	JO90XB	20260925	1
M0GWC	IO91LG	20260925	1
YO0MSL	KN34AA	20260925	1
UD4UAQ	LO24FK	20260925	1
G6LTV	IO91WM	20260925	1
RA9YLR	NO12HS	20260925	1
OE3PBS	JN88EE	20260925	1
R0SCU	OO37AI	20260925	1
RA3PKK	KO83SW	20260925	1
PY2RIO	GG66TQ	20260925	1
PA5MB	JO21HN	20260925	1
RZ9I	NO66MA	20260925	1
PA1AT	JO32GX	20260925	1
PY1ME	GG86GX	20260925	1
PU6JLV	GG66TQ	20260925	1
PU6JDD	HH07SA	20260925	1
OA4CHA	FH17MV	20260925	1
MW0NLG	IO81JL	20260925	1
N0LNT	FN20XR	20260925	1
VA2WBT	FN35EM	20260925	1
CX1VH	GF15VC	20260925	1
LU1XJJ	FE51JU	20260925	1
LU5FUM	GF05TJ	20260925	1
LU1HEC	FF78VO	20260925	1
LU5ILA	GG22BP	20260925	1
LU5DDC	GF05TJ	20260925	1
SV9FBP	KM27PK	20260925	1
UB8AEA	MO04DM	20260925	1
UN1TU	MN52QV	20260925	1
RA1TU	KO68WJ	20260925	1
RN7FJD	LN15PB	20260925	1
SM0TCZ	JO99AH	20260925	1
OA4DVC	FH17LX	20260925	1
CE2YS	FF46FW	20260925	1
IK1WNN	JN61GV	20260925	1
HB9AAD	JN36BE	20260925	1
EV8RB	KO52LK	20260925	1
EV8IO	KO52LK	20260925	1
F0FGI	JN19AA	20260925	1
EA2OEQ	IN92EE	20260925	1
M0GFI	IO91WM	20260925	1
G7IYK	IO91WM	20260925	1
DL4AH	JO42VI	20260925	1
LZ2HA	KN33VN	20260925	1
IZ4KAN	JN54AA	20260925	1
UB4HSV	LO53FK	20260925	1
TW7DOL	JN19AA	20260925	1
EW2EA	KO33TV	20260925	1
M0UJD	IO91WM	20260925	1
RY6HAA	LN15PB	20260925	1
JO1VVZ	PM95VQ	20260925	1
RA6PPK	LN23UJ	20260925	1
S57MNL	JN76GB	20260925	1
EW8C	KO52LK	20260925	1
EI9GNB	IO63WI	20260925	1
2M0PVP	IO75VV	20260925	1
R6FHV	LN15PB	20260925	1
BG9HPK	OM16UD	20260925	1
SP3USP	JO72OS	20260925	1
RK3L	KO65MA	20260925	1
RA0WAX	NO66MA	20260925	1
SM4IP	JO79MA	20260925	1
G0MFZ	IO91WM	20260925	1
EA3AHA	JN11CK	20260925	1
JA7BSL	QN00IT	20260925	1
UA1MOE	KO59DW	20260925	1
BD4NVU	OM86MQ	20260925	1
EA8BGO	IL28GC	20260925	1
DB5PJ	JO62RM	20260925	1
EW8OU	KO33TV	20260925	1
DG9ER	JO32MA	20260925	1
BI4IIV	OM86MQ	20260925	1
SE5S	JO89VR	20260925	1
R6DSC	KN95RI	20260925	1
HL5BKO	PM45MA	20260925	1
CN1JQ	IM64MA	20260925	1
N5DGK	EM40KP	20260925	1
DH10K	JO32MA	20260925	1
EW8PB	KO52LK	20260925	1
DL2SBA	JN48OQ	20260925	1
U5V3	KN58XI	20260925	1
IZ2UEC	JN45AA	20260925	1
RV3AQV	KO85TS	20260925	1
BD4RHV	OM92JB	20260925	1
MQ5JFS	IO90KU	20260925	1
GQ6UST	IO91WM	20260925	1
G7WCI	IO91VL	20260925	1
EU1AO	KO33TV	20260925	1
IW6NFT	JN61QX	20260925	1
BG7FRR	OL68LF	20260925	1
LY1BE	KO24OJ	20260925	1
BA7AHS	OL68LF	20260925	1
GJ6WRP	IN89WE	20260925	1
RN3GL	KO92SO	20260925	1
BH3GEX	ON40US	20260925	1
M5FJS	IO91WM	20260925	1
F4IIQ	JN18EU	20260925	1
PU2TBK	GG66QK	20260925	1
DK3OV	JO62RM	20260925	1
F4DCD	JN19CJ	20260925	1
LU1FDO	FF98PJ	20260925	1
BI4PIO	OM86MQ	20260925	1
DL2JOP	JO32MA	20260925	1
IK2UEC	JN45PB	20260925	1
LU8DP	GF05TJ	20260925	1
IT9BDI	JN61GV	20260925	1
IW7KDS	JN80MA	20260925	1
IW8QFS	JN61GV	20260925	1
RW3WX	KO81BR	20260925	1
EW1BO	KO33TV	20260925	1
UA3AQV	KO85TS	20260925	1
ON4CNN	JO21AA	20260925	1
BG7PAT	OL63OD	20260925	1
IT9IRK	JM68QB	20260925	1
BH2VSQ	PN11RT	20260925	1
F5TPK	JN29AF	20260925	1
DK7ZX	JO32MA	20260925	1
YO9AEQ	KN34AW	20260925	1
DF2ZJ	JO32MA	20260925	1
BA4VNU	OM92JB	20260925	1
DG2ER	JO32MA	20260925	1
DB9TWU	JO32MA	20260925	1
RP77UK	KO96AA	20260925	1
RP77U	KO96AA	20260925	1
RP77TZ	KO96AA	20260925	1
R77TZ	KO96AA	20260925	1
BD2VSQ	PN11RT	20260925	1
RA3FGG	KO85LQ	20260925	1
RP7UK	LN37OF	20260925	1
RV4IB	LO53FK	20260925	1
R5AE	KO85TS	20260925	1
RP7P	LN23UJ	20260925	1
RP77GA	KO96AA	20260925	1
R4PBZ	LO55LN	20260925	1
VA3JO	FN14HE	20260925	1
K0IS	EN41TO	20260925	1
IW7PWJ	JN80MA	20260925	1
EA1FKH	IN81DJ	20260925	1
NQ0D	EM99EJ	20260925	1
BH4PWP	OM86MQ	20260925	1
5P5BI	JO66MA	20260925	1
KN4ZUJ	EL89SS	20260925	1
KE8RPJ	EN81JI	20260925	1
EA3AVS	IN81DJ	20260925	1
IT9GSZ	JM68QB	20260925	1
F4DQQ	JN19AA	20260925	1
F1GIY	JN25VE	20260925	1
IU1NZF	JN35SB	20260925	1
R1961AG	KO96AA	20260925	1
DL5GAS	JO32MA	20260925	1
RL3FO	KO85LQ	20260925	1
BG0DLC	NN33ST	20260925	1
YO7LIO	KN14VH	20260925	1
EA4ICY	IN81DJ	20260925	1
EA7KHV	IM77AJ	20260925	1
MI0IE	IO74AO	20260925	1
IT9GHK	JN61GV	20260925	1
YO7LK	KN14VH	20260925	1
YO3RAK	KN34BK	20260925	1
M7TKL	IO91WM	20260925	1
IT9GEK	JM68QB	20260925	1
R8AAF	MO04DM	20260925	1
EA3JC	JN11CK	20260925	1
YO9CNU	KN34AW	20260925	1
YO3ROK	KN34BK	20260925	1
SM2XIP	JP97AA	20260925	1
HB9GWJ	JN36RW	20260925	1
IW7FMQ	JN80MA	20260925	1
ON4ASV	JO20DU	20260925	1
DL3SCA	JO42OV	20260925	1
N8AJM	EN81JI	20260925	1
PD2GCM	JO21ET	20260925	1
M7HFD	IO91WM	20260925	1
IT9FSZ	JM68QB	20260925	1
F4HQH	JN19AA	20260925	1
EA3JTJ	JN11CK	20260925	1
F6FDY	JN33OR	20260925	1
EB1ESC	IN72FN	20260925	1
F0DVI	JN07II	20260925	1
2E1FET	IO91WM	20260925	1
DO6FDY	JO32MA	20260925	1
F4FGX	JN19AA	20260925	1
DH2ZZ	JO32MA	20260925	1
EA3IB	JN11CK	20260925	1
UB9UYS	NO34OW	20260925	1
JH7RNN	QN00IT	20260925	1
PE1AZX	JO22KJ	20260925	1
OH2CWZ	KP20LE	20260925	1
RV3IB	KO87IS	20260925	1
GJ0WRI	IN89WE	20260925	1
UT3WPD	KN19TO	20260925	1
EA1IFD	IN72FN	20260925	1
DJ5MY	JO62RM	20260925	1
R1OK	LP13MM	20260925	1
R6DAV	KN95RI	20260925	1
UV8IZ	KN87RU	20260925	1
SM7RXE	JO76AA	20260925	1
UW5ENT	KN78HJ	20260925	1
A76A	LL55SH	20260925	1
BG7XTW	OL42DU	20260925	1
DG1DPH	JO32MA	20260925	1
DJ9JC	JO32MA	20260925	1
IU5ONG	JN61GV	20260925	1
BG2DRQ	PN35HS	20260925	1
SQ7NSN	KO00FT	20260925	1
IW2G	JN45AA	20260925	1
EA7R	IM77AJ	20260925	1
OH9HVX	KP20LE	20260925	1
DO1NAE	JO62RM	20260925	1
IK6HZM	JN63AA	20260925	1
IZ0GYS	JN62AA	20260925	1
UA3DB	KO85WR	20260925	1
UB3YDW	KO62QW	20260925	1
IW0RSX	JN62AA	20260925	1
IT9ONE	JM68QB	20260925	1
SP9ONP	JO90XB	20260925	1
PA3GA	JO22MA	20260925	1
RA9AMC	MO04QS	20260925	1
UO7QC	MN83MA	20260925	1
ON75CDR	JO21AA	20260925	1
DK9GC	JO32MA	20260925	1
DL3GJ	JO62RM	20260925	1
RW8HHL	NO18BS	20260925	1
PD2GM	JO22MA	20260925	1
OK3EKU	JO70FB	20260925	1
SP9CVH	JO90XB	20260925	1
UT5TNI	KN39IK	20260925	1
OM3WBY	KN08OR	20260925	1
BD9AAF	OM44KG	20260925	1
SV2CLH	KN10GT	20260925	1
UI1IX	LP74FG	20260925	1
IK4QQQ	JN54AA	20260925	1
YO9GZX	KN34AW	20260925	1
SP9HVX	JO90XB	20260925	1
EA7IIQ	IN81DJ	20260925	1
G4HLU	IO91WM	20260925	1
RN7RDP	KN64SI	20260925	1
UR5ILX	KN87RU	20260925	1
BH8PVX	OL36IN	20260925	1
UB9QQA	MO25JN	20260925	1
IK4MSW	JN61GV	20260925	1
IZ7NNE	JN61GV	20260925	1
I7ONE	JN80MA	20260925	1
UR0ZQ	KN57VF	20260925	1
US5ILX	KO50DE	20260925	1
SV2MIK	KN10GT	20260925	1
UA3NCN	LO18UN	20260925	1
UU4BXZ	KN75AA	20260925	1
EA2CDU	IN92EE	20260925	1
BH1FFE	OM89FV	20260925	1
BI4IIK	OM86MQ	20260925	1
UT7IP	KN88AA	20260925	1
EA7JKI	IM77AJ	20260925	1
WV8DL	EN81JI	20260925	1
OH6NW	KP20LE	20260925	1
BI6MLT	OM64TT	20260925	1
SP9SNI	JO90XB	20260925	1
DA6IVN	JO32MA	20260925	1
UB9UEK	NO34OW	20260925	1
BG9IXQ	OM16UD	20260925	1
F6HMP	JN18DU	20260925	1
IT8YAF	JM68QB	20260925	1
UB8QBD	NO66MA	20260925	1
UA9AEK	NO66MA	20260925	1
RA3GJ	KO92NQ	20260925	1
UX0LS	KN89DL	20260925	1
F1LF	JN19AA	20260925	1
OB5LK	FH25DW	20260925	1
EA1IA	IN72FN	20260925	1
EW8QI	KO52LK	20260925	1
IW3CJR	JN55MA	20260925	1
SV2JPO	KN00VH	20260925	1
UT5CM	KN59MC	20260925	1
EP1PA	LM55RR	20260925	1
HB1TWU	JN36BE	20260925	1
A6NN	LL74EL	20260925	1
BA2TTA	PN11RT	20260925	1
PD1PIM	JO22MA	20260925	1
IU8MUG	JN71AA	20260925	1
SV1SSF	KM17UX	20260925	1
EA5WAE	IM99BA	20260925	1
9A1YF	JN75XT	20260925	1
4J1AX	LN40VK	20260925	1
EW3TT	KO33TV	20260925	1
RA9YRT	NO66MA	20260925	1
UB6WAW	LN33KC	20260925	1
HA7TP	JN97MM	20260925	1
RL22NY	KO96AA	20260925	1
PY3CSA	GG66TQ	20260925	1
W5WMQ	EM11VW	20260925	1
KE8KPJ	EN70VA	20260925	1
IW3KVR	JN55MA	20260925	1
UR5ILD	KN87RU	20260925	1
OH6KHW	KP20LE	20260925	1
SV2QCW	KN10GT	20260925	1
RK3BT	KO85TS	20260925	1
UB3UZA	LO07SA	20260925	1
4X1DA	KM71MV	20260925	1
SQ9ONP	KO02MF	20260925	1
G1KPW	IO91WM	20260925	1
UX1IU	KN88XN	20260925	1
OZ1KWJ	JO65GQ	20260925	1
EB8OI	IL18UL	20260925	1
MI1DWE	IO74AO	20260925	1
R6DAW	KN95RI	20260925	1
UR3DBR	KN18MH	20260925	1
BH1HWF	ON80CE	20260925	1
RA0SAB	OO37AI	20260925	1
UN8JE	NO10SI	20260925	1
JA6DRQ	PM53GO	20260925	1
RW6HHL	LN15PB	20260925	1
IK7HPJ	JN80JV	20260925	1
2MOSQL	IO75VV	20260925	1
SQ8W	KO11GG	20260925	1
F4IME	JN19AA	20260925	1
IT9GSJ	JM68QB	20260925	1
DL6ZAJ	JO40HK	20260925	1
UB9UGV	NO34OW	20260925	1
G3VUD	IO91WM	20260925	1
RL3QFY	LO01BB	20260925	1
R3KBR	LO01BB	20260925	1
CT2FYQ	IM68AN	20260925	1
US5QKZ	KO50DE	20260925	1
R2DGU	KO85LQ	20260925	1
OB9TVU	FI12NX	20260925	1
UR5AIS	KO60XT	20260925	1
UD5DBR	KO85LQ	20260925	1
UR5KQZ	KO30DV	20260925	1
UR3QRF	KN77QD	20260925	1
US4LM	KO50DE	20260925	1
R2DVJ	KO85LQ	20260925	1
EA2Z	IN92NJ	20260925	1
RA3DLP	KO85LQ	20260925	1
UA9UCX	NO66MA	20260925	1
EW6CB	KO55CE	20260925	1
JA3CNQ	PM75VA	20260925	1
IK0FF	JN62AA	20260925	1
IK6WLW	JN63AA	20260925	1
IU8OJT	JN71AA	20260925	1
HZ19SAT	LL56AH	20260925	1
UN3GJ	MN83LG	20260925	1
US5ITU	KN87RU	20260925	1
M0KPW	IO91WM	20260925	1
SP1TMN	JO73HJ	20260925	1
ON7TC	JO11RE	20260925	1
RK3BM	KO85TS	20260925	1
IW0RGX	JN61GV	20260925	1
R9HCZ	NO18BS	20260925	1
UA9YRT	NO66MA	20260925	1
UR5DBR	KN18MH	20260925	1
RZ3DCZ	KO85LQ	20260925	1
G1LEC	IO91WM	20260925	1
OP2PDM	JO21AA	20260925	1
DM5TT	JO62RM	20260925	1
IW3CHL	JN55MA	20260925	1
F5BHD	JN18EU	20260925	1
UR6LFD	KN89DL	20260925	1
UB3LBQ	KO65MA	20260925	1
UR4IXM	KN88WJ	20260925	1
UR7LK	KO50DE	20260925	1
BG9SER	OM06UO	20260925	1
OD5RH	KM73RV	20260925	1
OM7XT	JN98NR	20260925	1
RA3QOP	LO01BB	20260925	1
R8QAN	NO66MA	20260925	1
IK6ONE	JN63AA	20260925	1
UD9AEK	MO04DM	20260925	1
UH4HBR	LO53FK	20260925	1
RC4P	LO55LN	20260925	1
HZ1TL	LL07UM	20260925	1
R7KI	KN75AA	20260925	1
SM4XIP	JO99AH	20260925	1
R4FCB	LO23GG	20260925	1
SA5VIM	JO99AH	20260925	1
OK3SN	JO70FB	20260925	1
SQ5CSS	KO02MF	20260925	1
M0ABL	IO91WM	20260925	1
DM2MMK	JO32MA	20260925	1
IL18NF	JN61GV	20260925	1
RA3LDP	KO65IB	20260925	1
SP9FVH	JO90XB	20260925	1
UR5AIC	KO50DE	20260925	1
K7AXA	DN17JR	20260925	1
UB3ZGI	KO80RS	20260925	1
JI1CDL	PM95VQ	20260925	1
F0IDH	JN19AA	20260925	1
ON3HMT	JO20DU	20260925	1
JA6KOK	PM53GO	20260925	1
SQ9IWS	KO02MF	20260925	1
IK6FFL	JN62TU	20260925	1
F0ELC	JN29JS	20260925	1
JA0KOK	PM96CP	20260925	1
EA1FMF	IN83DJ	20260925	1
IW1DUS	JN46DD	20260925	1
JR5GRP	PM63SN	20260925	1
LY3GG	KO24OJ	20260925	1
UT8UU	KO50DE	20260925	1
UR5VKI	KO50DE	20260925	1
IW0EHS	JN61CS	20260925	1
JH0KOK	PM96CP	20260925	1
JE1KBP	PM95VQ	20260925	1
G4ANW	IO91WM	20260925	1
IZ1TWC	JN45EV	20260925	1
UA9CRB	NO66MA	20260925	1
JI8TDL	PM95VQ	20260925	1
SQ8BWN	KO11GG	20260925	1
RQ9A	MO04DM	20260925	1
RN6HHC	PM95VQ	20260925	1
UB9USA	NO34OW	20260925	1
JJ1HHJ	PM95VQ	20260925	1
JF7KCB	QN00IT	20260925	1
RX3DTV	KO85LQ	20260925	1
RD5Q	LO01BB	20260925	1
RU9A	MO04DM	20260925	1
TA1DMT	KN42AA	20260925	1
4JXD	LN40VK	20260925	1
UA1YRT	KP78GA	20260925	1
BI3ODE	OM78GA	20260925	1
DH1TZ	JO62RM	20260925	1
F4IKI	JN19AA	20260925	1
BD2APZ	PN35HS	20260925	1
JA7AAP	QN00IT	20260925	1
R9YB	NO12HS	20260925	1
JA8TDL	PM95VQ	20260925	1
JR2XOB	PM85KE	20260925	1
R9BT	MO04DM	20260925	1
LZ2SAT	KN23HK	20260925	1
R2SD	KO94VO	20260925	1
BH7FFR	OL68LF	20260925	1
UA3GLR	KO92NQ	20260925	1
ON4ABR	JO21AA	20260925	1
OK7SE	JO70FB	20260925	1
UR5ACI	KO50DE	20260925	1
BI1LGG	OM89FV	20260925	1
I0DUS	JN62AA	20260925	1
BD2LA	PN23QU	20260925	1
F5BHE	JN18EU	20260925	1
RK3AZB	KO85TS	20260925	1
EA1CCU	IN81DJ	20260925	1
SV1CDW	KM17UX	20260925	1
EA7B	IN81DJ	20260925	1
IV3HBW	JN66OB	20260925	1
BG2JET	PN23QU	20260925	1
UR3INV	KO50DE	20260925	1
IK6GZL	JN63AA	20260925	1
UR7BFY	KN29QH	20260925	1
EW0OI	KO33TV	20260925	1
G4LBJ	IO83ML	20260925	1
BD9EHO	OM44KG	20260925	1
EA8CHC	IL18UL	20260925	1
2E0SUD	IO91WM	20260925	1
UA4AEU	LN28DQ	20260925	1
JE0BBE	PM96CP	20260925	1
EA4EA	IN81DJ	20260925	1
UT3PA	KO50DE	20260925	1
UB3KEF	LO01BB	20260925	1
R3EV	KO82FU	20260925	1
BH3EUD	OM89OE	20260925	1
UA0LTE	NO66MA	20260925	1
UA0L	PN62GM	20260925	1
JI7LYJ	QN00IT	20260925	1
DD1BZ	JO32MA	20260925	1
IK3COB	JN61GV	20260925	1
BH2FFR	PN35HS	20260925	1
RY0LAC	PN75IH	20260925	1
EA1BCY	IN63XJ	20260925	1
N8HN	EN82GU	20260925	1
IZ0OFF	JN62AA	20260925	1
YO7LKO	KN34BK	20260925	1
SP2NBV	JO94HI	20260925	1
RN6HHG	LN15PB	20260925	1
EA3GMA	IN81DJ	20260925	1
IQ6SE	JN64CJ	20260925	1
US7IB	KN88TR	20260925	1
R3GV	KO92NQ	20260925	1
HB9WTU	JN47IM	20260925	1
RA4UEU	LO24FK	20260925	1
UY5RV	KO51UE	20260925	1
UX7BM	KN29QH	20260925	1
EP7HIM	LM55RR	20260925	1
UB9SAA	LO72TD	20260925	1
IU1LTD	JN45AA	20260925	1
EW1EM	KO33TV	20260925	1
DG8MAR	JO32MA	20260925	1
UT5TNB	KN39IK	20260925	1
ON3OMT	JO20DU	20260925	1
LB9LG	JP50MA	20260925	1
HZ1SGI	LL56AH	20260925	1
IK6GKM	JN63AA	20260925	1
CT7AQH	IM58KQ	20260925	1
DL9DSO	JO32MA	20260925	1
2E0HKX	IO91WM	20260925	1
UR3QQC	KN77QD	20260925	1
F4HZA	JN18AX	20260925	1
RA1OKO	LP13MM	20260925	1
UA3PUU	KO83SW	20260925	1
UR4QQC	KO50DE	20260925	1
DS2BWD	PM37AA	20260925	1
R3MCE	KO97OU	20260925	1
JA1XTV	PM95VQ	20260925	1
UB3ANE	KO85TS	20260925	1
UB3PEE	KO83SW	20260925	1
C31BO	JN02SM	20260925	1
RA4UAU	LO24FK	20260925	1
OK1KCR	JN79RT	20260925	1
TA1DMA	KN42AA	20260925	1
TA1AMT	KN42AA	20260925	1
OE8KKK	JN76DM	20260925	1
UR3ANA	KO60XT	20260925	1
EA5I	IM99BA	20260925	1
EA2AA	IN81DJ	20260925	1
UA3SGR	LO04HJ	20260925	1
UB3PEH	KO83SW	20260925	1
R6UAQ	LN37OF	20260925	1
R2SCN	LO04HJ	20260925	1
UA3NFG	LO18UN	20260925	1
UA3LDP	KO65MA	20260925	1
M0CVO	IO92QV	20260925	1
BG0BPZ	NN33ST	20260925	1
KL7QEK	BP50AA	20260925	1
RA6FOO	LN15PB	20260925	1
OA8KKK	FH39RU	20260925	1
OH6KNW	KP20LE	20260925	1
AA0CW	DM68BH	20260925	1
KE7AV	CN98AI	20260925	1
AG7NR	CN87UM	20260925	1
UT3UQK	KO50DE	20260925	1
F4BHQ	JN18EU	20260925	1
R9FCY	LO88FD	20260925	1
AP2ARS	MM71EN	20260925	1
AP2MS	ML34MX	20260925	1
IV7DOL	JN61GV	20260925	1
UA4UEU	LO24FK	20260925	1
R0SCT	OO37AI	20260925	1
UR4MHY	KO50DE	20260925	1
G4OED	IO91WM	20260925	1
IW3QJI	JN61GV	20260925	1
UY5RG	KO50DE	20260925	1
DL4ZUB	JO32MA	20260925	1
OK2PHM	JO70FB	20260925	1
IK2DOM	JN61GV	20260925	1
JH7IHV	QN00IT	20260925	1
TA4ALA	KM69KW	20260925	1
DO9GP	JO32MA	20260925	1
TB4CHB	KM48AA	20260925	1
BA6PK	OM64TT	20260925	1
R0LN	PN75IH	20260925	1
SM3AZG	JP93AA	20260925	1
JK7JKX	QN00IT	20260925	1
JI1TVH	PM95VQ	20260925	1
RU4HX	LO53DF	20260925	1
DO6BI	JO62RM	20260925	1
BG0AB	NN33ST	20260925	1
SQ9UA	JO90XB	20260925	1
R6DET	KN95RI	20260925	1
YL3AMG	KO27AA	20260925	1
JE1CEL	PM95VQ	20260925	1
VU2IB	ML89MA	20260925	1
BG8BXM	OM20BO	20260925	1
JH7DVG	QN00IT	20260925	1
4L1DM	LN21IQ	20260925	1
EP3IBH	LM55RR	20260925	1
BD2IAQ	PN13SM	20260925	1
JP3IVD	PM75VA	20260925	1
TB1CLR	KN42AA	20260925	1
US5QJB	KN77QD	20260925	1
SP2SAR	JO94HI	20260925	1
BD6JN	OM89FV	20260925	1
F5TIB	JN18EU	20260925	1
LB8HI	JP50MA	20260925	1
OE4RGD	JN87GV	20260925	1
UR1DAO	KN18MH	20260925	1
UR1DAI	KN18MH	20260925	1
IW5DFE	JN53MA	20260925	1
DK9OW	JO62RM	20260925	1
UR7ET	KN57OG	20260925	1
EW8AU	KO52LK	20260925	1
EU1AEQ	KO33TV	20260925	1
UR5TN	KO50DE	20260925	1
UT2EH	KO50DE	20260925	1
R1BIH	KO59DW	20260925	1
R0ONJ	NO66MA	20260925	1
UA3ZCI	KO80RS	20260925	1
JK8BJA	PM95VQ	20260925	1
EA2BUM	IN92EE	20260925	1
M0CFD	IO91WM	20260925	1
LY3CV	KO24OJ	20260925	1
EU1BO	KO33TV	20260925	1
UR5TLW	KN39IK	20260925	1
DG5NEK	JO62RM	20260925	1
MM6OEC	IO75VV	20260925	1
M7SOX	IO91WM	20260925	1
TA1ONA	KN42AA	20260925	1
2E0FYX	IO91WM	20260925	1
UA3EDG	KO82FU	20260925	1
TA1NDE	KN42AA	20260925	1
EA3CFU	JN11CK	20260925	1
UB3EDG	KO82FU	20260925	1
7Z19ND	LL35MA	20260925	1
G0IIW	IO91WM	20260925	1
UA3XHZ	KO74RK	20260925	1
EP3CCH	LM55RR	20260925	1
F4EGG	JN34HW	20260925	1
R2DVW	KO85LQ	20260925	1
UA6LPH	LN07OU	20260925	1
YO3GWM	KN34BK	20260925	1
ON8FD	JO21AA	20260925	1
YO4ESB	KN44HE	20260925	1
EI2GKB	IO63WI	20260925	1
UK8DAN	MN41OG	20260925	1
EA1FID	IN72FN	20260925	1
EI1GKB	IO63WI	20260925	1
F4IPK	JN19AA	20260925	1
RA6LPH	LN07OU	20260925	1
UB4UHT	LO24FK	20260925	1
JR5FGK	PM63SN	20260925	1
EK2ET	LN20GE	20260925	1
M4JFS	IO91WM	20260925	1
R3TGL	LO26GL	20260925	1
IZ4USB	JN54AA	20260925	1
DC1AMR	JO32MA	20260925	1
RA3UEU	LO07SA	20260925	1
UB8QAA	MO25JN	20260925	1
S58ZB	JN76GB	20260925	1
DL5XJ	JO54AE	20260925	1
R0SAB	OO22DG	20260925	1
F4FER	JN19AA	20260925	1
F8GG	JN18EU	20260925	1
F1ROE	JN19AA	20260925	1
IU4NYV	JN54AA	20260925	1
IW0GRX	JN62AA	20260925	1
EA5VF	JM08BU	20260925	1
RA9WCF	NO66MA	20260925	1
EA4HCF	IN81DJ	20260925	1
RA1AMX	KO59DW	20260925	1
EI4HMB	IO63WI	20260925	1
RZ6YJ	LN04AP	20260925	1
PA3ESS	JO32AL	20260925	1
IU7KIZ	JN80MA	20260925	1
BD6HOW	OM81OU	20260925	1
SP2KFD	JO91NW	20260925	1
RV9CAD	NO66MA	20260925	1
IZ40OQO	JN54AA	20260925	1
ES30ES	KO29JK	20260925	1
OE7ISL	JN57RG	20260925	1
JH6KOK	PM53GO	20260925	1
JA0KEP	PM96CP	20260925	1
EW2C	KO33QM	20260925	1
IK7YTQ	JN90BC	20260925	1
BA7LAE	OL63OD	20260925	1
BD4TWZ	OM92JB	20260925	1
EM90QFR	KO50AA	20260925	1
PE9GG	JO33NA	20260925	1
TA5MJC	KM77MA	20260925	1
R3KEQ	LO01BB	20260925	1
UF3T	LO26GL	20260925	1
R4AER	LN29BR	20260925	1
JH6OHK	PM53GO	20260925	1
JL3MZP	PM75VA	20260925	1
IK4LTD	JN54AA	20260925	1
EU4BIC	KO13WQ	20260925	1
EM90QFA	KO50AA	20260925	1
ES9SFA	KO29JK	20260925	1
IU4LTD	JN54AA	20260925	1
US5LD	KN89DL	20260925	1
JH6JOK	PM53GO	20260925	1
IK9GZM	JM68QB	20260925	1
R6KE	KN75AA	20260925	1
R3DF	KO85LQ	20260925	1
UR3QTN	KN77QD	20260925	1
EW8FI	KO52LK	20260925	1
SP7RZ	JO91RS	20260925	1
RN3ZFX	KO80RS	20260925	1
RL3DF	KO85LQ	20260925	1
G0TYM	IO94JL	20260925	1
RG4F	LO33HC	20260925	1
JE0KEP	PM96CP	20260925	1
SP7TKC	JO91RS	20260925	1
G0IQ	IO91WM	20260925	1
DL3ON	JO32MA	20260925	1
OH7CL	KP20LE	20260925	1
OK1DNZ	JN79VW	20260925	1
SM7XON	JO87FE	20260925	1
YO9LKO	KN34AW	20260925	1
R3GJ	KO92NQ	20260925	1
JH6QOH	PM53GO	20260925	1
JA1LGG	PM95VQ	20260925	1
UA1AVA	OP21PM	20260925	1
JK1AFZ	PM95VQ	20260925	1
UT3UPY	KO50DE	20260925	1
UK8FFZ	MN40AA	20260925	1
UA4FCB	LO23GG	20260925	1
HB9FAZ	JN45LU	20260925	1
YO3MSL	KN34BK	20260925	1
BG7XIS	OL42DU	20260925	1
LA1IO	JO28VS	20260925	1
RA2FX	KO04DK	20260925	1
LA1OI	JO59IW	20260925	1
K6SFO	CM88NJ	20260925	1
KM6CQ	DM09CG	20260925	1
TA5MZC	KM77MA	20260925	1
UB3PE	KO83SW	20260925	1
DL3SD	JO32MA	20260925	1
7Z1J	LL35MA	20260925	1
JR6NQO	PM53GO	20260925	1
UX1IV	KN87RU	20260925	1
F4ECG	JN19AA	20260925	1
US5RQ	KO51UE	20260925	1
JI8GNJ	PM95VQ	20260925	1
BD4EVC	PM01RF	20260925	1
SP5LA	KO02MF	20260925	1
RA3AOE	KO85TS	20260925	1
IW3CXL	JN55MA	20260925	1
JH8UQJ	PM95VQ	20260925	1
JL7ETP	QN00IT	20260925	1
BG8KVC	OL39GN	20260925	1
R2DOD	KO85LQ	20260925	1
M0CFV	IO91UM	20260925	1
AC3SH	FM19NX	20260925	1
K5SWA	EM11VW	20260925	1
K1ECU	FN41BI	20260925	1
G7CYQ	IO91WM	20260925	1
LZ1GWK	KN22MA	20260925	1
UV82L	KO50AA	20260925	1
RD3F	KO85LQ	20260925	1
OH3BHX	KP20LE	20260925	1
UA4CIN	LO31IS	20260925	1
RN3AOE	KO85UQ	20260925	1
SP2GCJ	JO93FI	20260925	1
G1DAZ	IO91WM	20260925	1
YO7KLO	KN25MA	20260925	1
UA4FLL	LO23GG	20260925	1
EA4HUF	IN81DJ	20260925	1
JM8PTK	PM95VQ	20260925	1
JE1CXL	PM95VQ	20260925	1
M1DAZ	IO92FJ	20260925	1
F4IGG	JN19AA	20260925	1
F4ELR	JN04KB	20260925	1
IZ0CCP	JN62AA	20260925	1
UA4UAR	LO24FK	20260925	1
UR5TNB	KN39IK	20260925	1
DL1BCC	JO62RM	20260925	1
UA3SGV	LO04HJ	20260925	1
R2DLW	KO85LQ	20260925	1
OH3FSR	KP20LE	20260925	1
R2DYM	KO85LQ	20260925	1
4L6D	LN21JR	20260925	1
SY8DBO	JM99VP	20260925	1
LZ3AD	KN32EQ	20260925	1
DO4SKY	JO32MA	20260925	1
R9WGI	LO84DL	20260925	1
F3FGR	JN18EU	20260925	1
IZ3ZLU	JN55TU	20260925	1
F5RZC	JN18EU	20260925	1
US5LPL	KO50DE	20260925	1
IT9HVZ	JM68QB	20260925	1
RA6AEQ	KN95RI	20260925	1
SP6URZ	JO81MC	20260925	1
KC3RJT	FM19NX	20260925	1
EA4MR	IN80BJ	20260925	1
EA7KHT	IM77AJ	20260925	1
PA7ELF	JO22MA	20260925	1
9H1BW	JM75FW	20260925	1
R3TM	LO26GL	20260925	1
DG3SRS	JO32MA	20260925	1
WB0VGR	EN11VF	20260925	1
W1SJ	FN34LM	20260925	1
JE0HBK	PM96CP	20260925	1
G0OMH	IO91WM	20260925	1
ES4EC	KO39MK	20260925	1
EA2ZAW	IN92EE	20260925	1
BG7CAB	OL68LF	20260925	1
UA3FGN	KO85LQ	20260925	1
HB9OAD	JN46ME	20260925	1
EK1ET	LN20GE	20260925	1
ON1SD	JO20DU	20260925	1
R2LDA	KO65MA	20260925	1
RA3ZTQ	KO80RS	20260925	1
IZ8IQC	JN61GV	20260925	1
UR4UP	KO50DE	20260925	1
UB8CLC	MO08PQ	20260925	1
UX5VA	KO50DE	20260925	1
R2DTT	KO85LQ	20260925	1
EA3PJ	JN11CK	20260925	1
UT4LK	KN88DV	20260925	1
SP2AWJ	JO94HI	20260925	1
UA6EAQ	LN03VW	20260925	1
R3KGD	LO01BB	20260925	1
UA6AGN	KN95RI	20260925	1
W5SAT	DM26KA	20260925	1
RA9UIZ	NO34OW	20260925	1
JH1MGU	PM95VQ	20260925	1
R2AEP	KO85TS	20260925	1
R0UAE	OO94AA	20260925	1
DB3OFO	JO32MA	20260925	1
TA2SLC	KN60MA	20260925	1
UB8CMQ	MO07CM	20260925	1
UD6ARR	KN95RI	20260925	1
UR5FTT	KN56AA	20260925	1
G0AAK	IO91WM	20260925	1
EB3BT	JN11CK	20260925	1
UT3QZ	KN77QD	20260925	1
R9UHT	NO34OW	20260925	1
R4FDA	LO23GG	20260925	1
RA0UAE	NO66MA	20260925	1
OK2IPW	JN99CS	20260925	1
ON1XC	JO20DU	20260925	1
IK6PTH	JN61GV	20260925	1
UA0C	PO84JT	20260925	1
R3ICK	KO77HD	20260925	1
RN1TA	KO68EK	20260925	1
UN7EGH	MO43RG	20260925	1
EW8IO	KO52LK	20260925	1
R2DXP	KO85LQ	20260925	1
W6KSR	DM13CV	20260925	1
KC5TT	EL29DS	20260925	1
PU5DDC	GG52RK	20260925	1
R2DTU	KO85LQ	20260925	1
RA3VGS	LO06HB	20260925	1
PY3PIM	GF49JW	20260925	1
EU8RO	KO33TV	20260925	1
UA9FIP	NO66MA	20260925	1
TA4AC	KM47NS	20260925	1
RA3ICK	KO77HD	20260925	1
TA3BBL	KN40AA	20260925	1
UN7GGC	MN83LG	20260925	1
UA4KIQ	LN29BR	20260925	1
VU3DTT	NL01PE	20260925	1
VU3WBB	ML88OP	20260925	1
9W2GIA	OJ13CM	20260925	1
R1BFM	KO59DW	20260925	1
9W8VIN	OJ51DN	20260925	1
YC7CAY	OI49PX	20260925	1
9W2PBN	OJ13CM	20260925	1
OH1HF	KP01VL	20260925	1
IS0OZK	JM49NM	20260925	1
JO1SSV	PM95VQ	20260925	1
IW7PUK	JN80MA	20260925	1
SW1ODW	KM17UX	20260925	1
KE7RTB	DN11RG	20260925	1
UR7HCB	KN69SN	20260925	1
DO0DT	JO32MA	20260925	1
YO2LOJ	KN05OS	20260925	1
JF2LHC	PM85KE	20260925	1
EA1JAI	IN72FN	20260925	1
SV3DVK	KM07VF	20260925	1
EA7TB	IN81DJ	20260925	1
HL9GY	PM37MN	20260925	1
JK4DHT	PM75CJ	20260925	1
OY1G	IP62OA	20260925	1
RA4FDP	LO23GG	20260925	1
UN7NG	MN42TH	20260925	1
JI1TAC	PM95VQ	20260925	1
JL1TAT	PM95VQ	20260925	1
UA0UAE	NO66MA	20260925	1
R3PJR	KO83SW	20260925	1
IU6JEI	JN63AA	20260925	1
UA3LSX	KO65IB	20260925	1
R3YA	KO62QW	20260925	1
JR1CVL	PM95VQ	20260925	1
UR3QGF	KN77QD	20260925	1
HF1SE	JO73GK	20260925	1
BD3OMO	OM78GA	20260925	1
F4DQM	JN34FV	20260925	1
DL5GOC	JO32MA	20260925	1
TA1NDA	KN42AA	20260925	1
DL5GCA	JO32MA	20260925	1
R9CAD	MO08PQ	20260925	1
TA4FLY	KM48AA	20260925	1
RV9CJB	MO09GE	20260925	1
EW80I	KO33QM	20260925	1
TA1CLR	KN42AA	20260925	1
M7DST	IO91WM	20260925	1
F4IML	JN19AA	20260925	1
UA4FUT	LO23GG	20260925	1
BI4PZO	OM86MQ	20260925	1
4L1AM	LN21JR	20260925	1
R3YAJ	KO62QW	20260925	1
UB8CMR	MO08PQ	20260925	1
BI1EIH	OM89FV	20260925	1
BH2UPZ	PN11RT	20260925	1
R4NAU	LO48VS	20260925	1
OH6BPL	KP20LE	20260925	1
PE1EZU	JO22KJ	20260925	1
UR3CBC	KO50DE	20260925	1
YO2DN	KN15LS	20260925	1
UD6AAR	KN95RI	20260925	1
UN7GEH	MN83LG	20260925	1
JL1SMP	PM95VQ	20260925	1
JH6QWK	PM53GO	20260925	1
JM8PDK	PM95VQ	20260925	1
JA8ETP	PM95VQ	20260925	1
UA9YBF	NO66MA	20260925	1
R0SCX	OO37AI	20260925	1
UR5MS	KO50DE	20260925	1
SP5GNU	KO02MF	20260925	1
UG5R	LO02SR	20260925	1
SV0LB	KM25AM	20260925	1
SV3SMG	KM07VF	20260925	1
YO2DF	KN15LS	20260925	1
R1TU	KO68EK	20260925	1
RA4FCB	LO23GG	20260925	1
JA6NQO	PM53DO	20260925	1
EB4AD	IN81DJ	20260925	1
BH6JNF	OM64TT	20260925	1
IT9VHZ	JM68QB	20260925	1
EN150PU	KO50AA	20260925	1
TA3OAS	KN40AA	20260925	1
PD1RB	JO22MA	20260925	1
EA2EA	IN93BH	20260925	1
UA4FMJ	LO23GG	20260925	1
BI4LAN	OM86MQ	20260925	1
RN7JT	LN23CE	20260925	1
JH1CEN	PM95VQ	20260925	1
RB4CJB	LO31IS	20260925	1
RA9YVO	NO12HS	20260925	1
4LOVE	LN21JR	20260925	1
UR5MAJ	KN98KL	20260925	1
F8FKD	IN88CE	20260925	1
R2GCV	KO92EH	20260925	1
RN6HGE	LN15PB	20260925	1
UA3CGR	KO85TS	20260925	1
F4FOA	JN18EU	20260925	1
YO5LKO	KN17SP	20260925	1
UB3KDZ	LO01BB	20260925	1
UR7HKS	KO50DE	20260925	1
YD2UWF	OI33KT	20260925	1
TA6MO	LM15AA	20260925	1
BD7XSZ	OL42DU	20260925	1
TB4THA	KM48AA	20260925	1
TA5AJC	KM77MA	20260925	1
RD5F	KO85LQ	20260925	1
R5DF	KO85LQ	20260925	1
SP8TSA	KO11GG	20260925	1
ON4CCL	JO20DU	20260925	1
EB1OO	IN72FN	20260925	1
R9UDK	NO34OW	20260925	1
LA6GHA	JP53RT	20260925	1
DO1OM	JO32MA	20260925	1
ON7ZQ	JO21AA	20260925	1
IIW7DOL	JN61GV	20260925	1
UA6YJ	LN04AP	20260925	1
UN7RDP	MN37US	20260925	1
UA0QNV	NO66MA	20260925	1
IZ0CGF	JN62AA	20260925	1
YO5EB	KN17SP	20260925	1
UB6HQQ	LN15PB	20260925	1
RP76ROP	KO96AA	20260925	1
UA3PPY	KO83SW	20260925	1
R8CNN	MO08PQ	20260925	1
S57ML	JN76GB	20260925	1
UB1QBE	LP00FB	20260925	1
DL9NAZ	JN59KJ	20260925	1
UN7NA	MN42TH	20260925	1
UR3UPD	KO50DE	20260925	1
EV76GA	KO33QM	20260925	1
LA2D	JO59IW	20260925	1
UR5LD	KN89DL	20260925	1
EA1ABX	IN62XK	20260925	1
SA0BSV	JO99AH	20260925	1
R7KBQ	KN75AA	20260925	1
EU6AAF	KO55CE	20260925	1
IU8GAT	JN71AA	20260925	1
YD4RWH	OI33KT	20260925	1
BH7EDZ	OL68LF	20260925	1
F0EWK	JN18EU	20260925	1
XE2RV	EK09KL	20260925	1
WA5RR	EM04RB	20260925	1
G6WQN	IO91WM	20260925	1
4J6V	LN40VK	20260925	1
G3FGR	IO91WM	20260925	1
M7BTU	IO91WM	20260925	1
WD9EWK	DM43AL	20260925	1
M3GJM	IO91WM	20260925	1
2E1EBE	IO91WM	20260925	1
WY7FD	DN74TJ	20260925	1
DD3MS	JO62RM	20260925	1
R4NBE	LO48VS	20260925	1
R1961GP	KO96AA	20260925	1
VE3FU	FN25EA	20260925	1
IK3WPL	JN55MA	20260925	1
UA9QNV	MO25JN	20260925	1
F4HVO	JN19AA	20260925	1
UA4UARP	LO24FK	20260925	1
JA0KBP	PM96CP	20260925	1
DG9MS	JO32MA	20260925	1
UR7EH	KN78MM	20260925	1
RB9AEK	MO04DM	20260925	1
UB9OEY	MO95SK	20260925	1
G0MFR	IO91WM	20260925	1
DO9WR	JO63PN	20260925	1
RN3BM	KO85TS	20260925	1
DL3AP	JO32MA	20260925	1
BG5UOK	OL96PD	20260925	1
JA8MKZ	PM95VQ	20260925	1
RV3KS	LO01BB	20260925	1
II5LDV	JN53LS	20260925	1
BA7LFQ	OL63OD	20260925	1
ON2DL	JO20DU	20260925	1
RA9OD	NO66MA	20260925	1
VR2VBU	OL72BJ	20260925	1
KJ7COA	CN98DE	20260925	1
N0PBR	CN87VR	20260925	1
TA4CAV	KM69KW	20260925	1
CS7AUJ	IM58KQ	20260925	1
UB8CBQ	MO08PQ	20260925	1
UN9FF	MO71QR	20260925	1
RA3BIP	KO85TS	20260925	1
R9UHQ	NO34OW	20260925	1
RA6MA	LN07BK	20260925	1
BG7EWP	OL68LF	20260925	1
EA3ABG	JN11CK	20260925	1
EA1YQ	IN72DA	20260925	1
UA9MSR	MO66PF	20260925	1
EA4Z	IN81DJ	20260925	1
RA3GV	KO92NQ	20260925	1
R3QQ	LO01BB	20260925	1
SQ3XS	KO02MF	20260925	1
DE1CVL	JO32MA	20260925	1
UN7EHG	MO43RG	20260925	1
R4QFH	LO55LN	20260925	1
E74AW	JN84IX	20260925	1
TA4CAZ	KM69KW	20260925	1
OK3IPW	JO70FB	20260925	1
TA4ACZ	KM48AA	20260925	1
UA9YVO	NO66MA	20260925	1
F0HTH	JN19AA	20260925	1
RA6LFD	LN07OU	20260925	1
IZ0TTV	JN62AA	20260925	1
UN6PHS	MN69OU	20260925	1
WB3GTM	FN34LO	20260925	1
R9UZA	NO34OW	20260925	1
AK3Y	FM19JA	20260925	1
UA9YT	NO12HS	20260925	1
2E1EBXQ	IO91WM	20260925	1
UA9QAA	NO66MA	20260925	1
RK3BA	KO85UU	20260925	1
IK6WKM	JN61GV	20260925	1
DL1DLD	JO32MA	20260925	1
DL6APP	JO32MA	20260925	1
DL1WBA	JO32MA	20260925	1
U3GV	KO92NQ	20260925	1
RA9UMC	NO66MA	20260925	1
4L0EV	LN21JR	20260925	1
JH6KWC	PM53GO	20260925	1
UT4UPT	KO50DE	20260925	1
TA1NC	KN42AA	20260925	1
TA2NA	KM69KW	20260925	1
RA2GCV	KO92NQ	20260925	1
CS7AUC	IM58KQ	20260925	1
MW0BFY	IO83IC	20260925	1
5B4ALS	KM65PD	20260925	1
DD7WU	JO32MA	20260925	1
SP8EPA	KO11GG	20260925	1
G0IBZ	IO91WM	20260925	1
2MQSQL	IO75VV	20260925	1
TA2BGH	KN60MA	20260925	1
GW4ZYG	IO81JL	20260925	1
UR5LP	KO50DE	20260925	1
LZ2CVK	KN23MA	20260925	1
LZ1CYK	KN22MA	20260925	1
EW8OI	KO52LL	20260925	1
EA3NF	IN81DJ	20260925	1
UR7GN	KN76JE	20260925	1
ON4ON	JO10NU	20260925	1
EW8DA	KO52AV	20260925	1
RK3DFZ	KO85LQ	20260925	1
VA6WEG	DO32CC	20260925	1
EA3ISA	JN11CK	20260925	1
RA3LD	KO65MA	20260925	1
DL1Y	JO31CJ	20260925	1
UA6YAR	LN04AP	20260925	1
UA3LSM	KO65MA	20260925	1
TB2HHE	KN60MA	20260925	1
M1BDD	IO91WM	20260925	1
EA1DD	IN52QK	20260925	1
R8CCQ	MO08PQ	20260925	1
KJ7NDY	DM26HE	20260925	1
YD9CKH	QI07JL	20260925	1
JH6JHK	PM53GO	20260925	1
UR3QRC	KN77QD	20260925	1
EA7KCX	IM77AJ	20260925	1
KP3RP	FK68XK	20260925	1
JF1PCL	PM95VQ	20260925	1
G4XNA	IO91WM	20260925	1
SQ8RAU	KO02MF	20260925	1
EB7GBG	IM77AJ	20260925	1
UA3WED	KO81AS	20260925	1
DL5CK	JO62RM	20260925	1
SX3A	KM07VF	20260925	1
4L1AI	LN21JR	20260925	1
EB7EBG	IM77AJ	20260925	1
XE1GLA	DL83MA	20260925	1
BA7JVL	OL63OD	20260925	1
LB0IH	JP50MA	20260925	1
TA4ACG	KM48AA	20260925	1
IW7DOI	JN80MA	20260925	1
TA4ADP	KM48AA	20260925	1
UA9WED	NO66MA	20260925	1
DJ6NI	JO31LI	20260925	1
IU2GTU	JN45AA	20260925	1
TA4AOV	KM48AA	20260925	1
DL6AIP	JO32MA	20260925	1
SQ5WNA	KO02MF	20260925	1
RN3QRY	KO91OH	20260925	1
UA3LMS	KO65MA	20260925	1
R9MCA	NO66MA	20260925	1
LB0HI	JP50MA	20260925	1
SP7D	JO91RS	20260925	1
Z32CPU	KN02RA	20260925	1
DO7OCH	JO62RM	20260925	1
UA4SAI	LO45EU	20260925	1
LB0GI	JP50MA	20260925	1
EA4ADP	IN81DJ	20260925	1
IW1GPA	JN61GV	20260925	1
IU1LCIZ	JN45AA	20260925	1
UT4UBQ	KO50DE	20260925	1
RD9D	NO66MA	20260925	1
EA3WL	JN01UF	20260925	1
SV0DR	JO32MA	20260925	1
TA1APD	KM69KW	20260925	1
EA3IKO	JN11CK	20260925	1
4L4LS	LN21JR	20260925	1
DF6RK	JO40EF	20260925	1
TA2TXZ	KN60MA	20260925	1
UA0UCX	NO66MA	20260925	1
JJ2RON	PM95VQ	20260925	1
BD3OLO	OM78GA	20260925	1
UB9YTC	NO12HS	20260925	1
UB9AEC	MO04DM	20260925	1
JJ3JHP	PM75XD	20260925	1
OK2PGS	JO70FB	20260925	1
R2BBC	KO85TS	20260925	1
IU0GCX	JN62AA	20260925	1
IK7LMX	JN80XP	20260925	1
UR5HB	KN69SN	20260925	1
TA4MSO	KM48AA	20260925	1
BG8KPQ	OL39GN	20260925	1
RA9UAE	NO66MA	20260925	1
JA4MZR	PM75CJ	20260925	1
TA1ADP	KN42AA	20260925	1
EA3BJM	JN01ND	20260925	1
WA5CAM	EM41HM	20260925	1
R4FSY	LO23GG	20260925	1
HB9WBF	JN47DA	20260925	1
VE3LVW	FN03JE	20260925	1
G8VVY	IO91WM	20260925	1
MM6NRK	IO75VV	20260925	1
DO5KMC	JO32MA	20260925	1
SP2EGA	JO94HI	20260925	1
JJ0TUC	PM96CP	20260925	1
JE6DJW	PM53GO	20260925	1
BG9EOK	OM44KG	20260925	1
ON3SDR	JO20DU	20260925	1
EA6SW	JM19HO	20260925	1
2E0EQT	IO91WM	20260925	1
IZ4UEB	JN54AA	20260925	1
ON7BRT	JO11UB	20260925	1
HB9BJY	JN36BE	20260925	1
OK1QA	JO70FB	20260925	1
EB2BAG	IN92EE	20260925	1
R3GCV	KO92NQ	20260925	1
UB9UXW	NO34OW	20260925	1
DM1AM	JO60GT	20260925	1
SV2DDF	KN10GT	20260925	1
G8VVJ	IO91WM	20260925	1
DO5AM	JO62RM	20260925	1
TA2AXZ	KN60MA	20260925	1
TB4HRN	IO91WM	20260925	1
OE3VET	JN88CC	20260925	1
3V8SS	JM43SV	20260925	1
LB5LG	JP50MA	20260925	1
RA1AMW	KO59DW	20260925	1
UA4RCI	LO55LN	20260925	1
IV3HDC	PM95VQ	20260925	1
F5SSG	JN18EU	20260925	1
RA3WJR	KO81AS	20260925	1
R8CN	MO06GT	20260925	1
BH3MWA	OM78GA	20260925	1
SV2CPH	KN00VH	20260925	1
SK2KGA	JP97AA	20260925	1
EA4GTZ	IN81DJ	20260925	1
TA1NA	KN42AA	20260925	1
IZ4UHB	JN61GV	20260925	1
SQ3MP	JO72OS	20260925	1
RK3LQI	KO65MA	20260925	1
UB9YUS	NO12HS	20260925	1
R3ZAU	KO80RS	20260925	1
UN7PHS	MN69OU	20260925	1
HZ18SAT	LL56AH	20260925	1
LY3LC	KO24OJ	20260925	1
LA3CLA	JP50HW	20260925	1
VU3DSJ	ML63HG	20260925	1
LY3I	KO24OJ	20260925	1
RA9YA	NO13VH	20260925	1
IZ4RYB	JN54QQ	20260925	1
RK4CF	LO31IR	20260925	1
IK4HDS	JN61GV	20260925	1
UR5IC	KO50DE	20260925	1
G1DSX	IO91WM	20260925	1
IZ4RBY	JN54AA	20260925	1
LB6SE	JO59IW	20260925	1
DH0GMI	JO32MA	20260925	1
DG0GMI	JO32MA	20260925	1
M0CSI	IO83WM	20260925	1
OH8EZA	KP20LE	20260925	1
EW8BW	KO33TV	20260925	1
HB9TSI	JN46HP	20260925	1
AP2AUA	MM71EN	20260925	1
T7AGI	JN63FW	20260925	1
IK4IDT	JN61GV	20260925	1
SP6OWM	JO81MC	20260925	1
SQ5FM	KO02MF	20260925	1
DF7RW	JO32MA	20260925	1
EA4HKF	IN81DJ	20260925	1
PA4MRS	JO22HJ	20260925	1
OK1XXZ	JO70FB	20260925	1
G4ONL	IO91WM	20260925	1
DL7RW	JO62RM	20260925	1
OL1ADZ	JO70FB	20260925	1
M6EVR	IO91WM	20260925	1
UB9YAK	NO12HS	20260925	1
ON6AJ	JO20DU	20260925	1
UB8CML	MO08PQ	20260925	1
JR6AZ	PL36UF	20260925	1
RA9UIX	NO66MA	20260925	1
RN3W	KO81AS	20260925	1
PM84AP	OI33KT	20260925	1
R6FFM	LN15PB	20260925	1
JL1GMM	PM95VQ	20260925	1
PM94AP	OI33KT	20260925	1
TA2LSC	KN60MA	20260925	1
DL9YIB	JO32MA	20260925	1
DL4ZAD	JO32MA	20260925	1
UB9UZA	NO66MA	20260925	1
TH8000D	JN19AA	20260925	1
UB9HEG	NO18BS	20260925	1
I6ONE	JN61GV	20260925	1
JA5OVF	PM63SN	20260925	1
JI1AAF	PM95VQ	20260925	1
UA1QM	KO99WF	20260925	1
YO5DBM	KN17SP	20260925	1
UN7GFZ	MN83LG	20260925	1
F8KOH	JN09RC	20260925	1
UB9QAA	MO25JN	20260925	1
EA8DHA	IL18UL	20260925	1
EA7JIK	IM66UM	20260925	1
UA4HBJ	LO53BK	20260925	1
UB9AEK	MO04DM	20260925	1
UT9QA	KN77QD	20260925	1
HB9AV	JN46KD	20260925	1
RO9Y	NO12HS	20260925	1
YQ0KEB	KN34AA	20260925	1
R2DZE	KO85LQ	20260925	1
JA5SAG	PM63JT	20260925	1
R2OM	KO96AA	20260925	1
R5OA	LO01BB	20260925	1
DL3JG	JO32MA	20260925	1
EI5FA	IO63WI	20260925	1
PA1L	JO22MA	20260925	1
RT3W	KO81AS	20260925	1
RA8AA	MO04DM	20260925	1
E74EC	JN93FU	20260925	1
UB8ABT	MO04DM	20260925	1
N8URE	EN91GD	20260925	1
RA3LTB	KO65MA	20260925	1
BD2EHA	PN35HS	20260925	1
PC9DB	JO22KJ	20260925	1
UR3CTR	KN59MC	20260925	1
YO99GJ	KN34AA	20260925	1
9H1CW	JM75GV	20260925	1
RK3DVI	KO85LQ	20260925	1
OK1AAM	JO70FB	20260925	1
OK1AMM	JO70TR	20260925	1
DL6AB	JO40HN	20260925	1
JF7BAO	QN00IT	20260925	1
UB8AAT	MO04DM	20260925	1
4L1DMA	LN21JR	20260925	1
OH1LTU	KP20LE	20260925	1
R2FX	KO04DK	20260925	1
R6YAZ	LN04AP	20260925	1
SV2KPH	KN10GT	20260925	1
R1BHG	KO59DW	20260925	1
UK8BFO	MN41OH	20260925	1
SP9CWY	KO02MF	20260925	1
R3YAB	KO62QW	20260925	1
SP5TE	KO02MF	20260925	1
TA4TX	KM48AA	20260925	1
SQ2EAR	KO02MF	20260925	1
G0RXA	IO91WM	20260925	1
G0RAX	IO91WM	20260925	1
UY5UF	KO50DE	20260925	1
EA6ACT	JM29DV	20260925	1
R0SBM	OO37AI	20260925	1
SP9F	JO90XB	20260925	1
DJ9MA	JO32MA	20260925	1
M3FRG	IO91WM	20260925	1
UB9UAZ	NO34OW	20260925	1
DJ1N1	JO32MA	20260925	1
M0YOW	IO91WM	20260925	1
DL5GH	JO32MA	20260925	1
RL3DV	LO41SW	20260925	1
RA3DCZ	KO85LQ	20260925	1
RZ3ZD	KO80RS	20260925	1
UK8AEA	MN41OI	20260925	1
TA4ATX	KM48AA	20260925	1
F4AEC	JN02TW	20260925	1
UK8AKD	MN41OG	20260925	1
EA1AP	IN83FK	20260925	1
DL6RCG	JO60BA	20260925	1
EA4TR	IN81DJ	20260925	1
G0API	IO80XS	20260925	1
EI4BHM	IO63WI	20260925	1
RA3PPY	KO83SW	20260925	1
UA6FLD	LN15PB	20260925	1
F4EAC	JN18EU	20260925	1
9W2XRE	OJ13CM	20260925	1
RN3ZHL	KO80RS	20260925	1
UR5AU	KO70JV	20260925	1
UB4FFB	LO23GG	20260925	1
DO2ZZ	JO32MA	20260925	1
GA3ST	IO75VV	20260925	1
YO9CNV	KN34AW	20260925	1
PD2PRT	JO22MA	20260925	1
OH6BQA	KP20LE	20260925	1
TI2BSH	EJ79XW	20260925	1
EW8AAT	KO52LK	20260925	1
R1BG	KO59DW	20260925	1
IK0OZV	JN62AA	20260925	1
RL3QFX	LO01BB	20260925	1
RA6YJ	LN04AP	20260925	1
Z35Z	KN02RA	20260925	1
UA4CGP	LO31IS	20260925	1
EW8EB	KO33TV	20260925	1
EA5GW	IN81DJ	20260925	1
UK8DAK	MN41OG	20260925	1
R9CMA	MO08PQ	20260925	1
S52NO	JN76GB	20260925	1
M6FRS	IO91WM	20260925	1
RA1OGV	LP13MM	20260925	1
UB1QBM	LP00FB	20260925	1
DJ6ON	JO32MA	20260925	1
F4GVP	JN19AA	20260925	1
UX0IX	KO50DE	20260925	1
UA8MKZ	MO66PF	20260925	1
UA9YJE	NO66MA	20260925	1
M7IMK	IO91WM	20260925	1
EA1SS	IN70CJ	20260925	1
VU3PJI	ML63GA	20260925	1
F4DJG	JN09FS	20260925	1
JF1RYU	PM96XQ	20260925	1
EW7DK	KO43HH	20260925	1
DL8EEC	JO32MA	20260925	1
4LDMA	LN21JR	20260925	1
EA2AKU	IN92EE	20260925	1
UY5LS	KN89DL	20260925	1
YD6IOV	NJ93HN	20260925	1
M7DTX	IO91WM	20260925	1
F8DIP	JN18EU	20260925	1
GI4ONLL	IO74AO	20260925	1
US55MAJ	KO50AA	20260925	1
EA3EGM	IN81DJ	20260925	1
R9FAAI	LO88DA	20260925	1
9W2TKW	OJ13CM	20260925	1
SP8QTB	KO11GG	20260925	1
RA6ADW	KN95RI	20260925	1
R6EDW	LN03VW	20260925	1
M6EJS	IO91WM	20260925	1
YD4MDS	OI16DF	20260925	1
9W6DLE	OJ85AX	20260925	1
DW5CD	PK21MG	20260925	1
SP9SPY	JO90XB	20260925	1
IZ4UZB	JN54AA	20260925	1
DF2EF	JO32MA	20260925	1
G0SBR	IO91WM	20260925	1
DJ1NT	JO31MB	20260925	1
UR6HV	KN69SN	20260925	1
UB4PEE	LO55LN	20260925	1
EA4HFK	IN81DJ	20260925	1
YO4BZC	KN45AK	20260925	1
F6DFB	JO10HM	20260925	1
R9LC	MO47MT	20260925	1
YO4RFV	KN45AK	20260925	1
VU2GHO	ML88OP	20260925	1
RA3DQP	KO85WX	20260925	1
IV3AEB	JN61GV	20260925	1
ON6HN	JO20DU	20260925	1
SP9CPV	JO90XB	20260925	1
FT65E	JN18EU	20260925	1
RV9WK	LO73XP	20260925	1
JA6YGM	PM53GO	20260925	1
LZ1NYK	KN12PQ	20260925	1
EA3HSW	JN11CK	20260925	1
RA3CAD	KO85TS	20260925	1
RA3QDP	KO91OP	20260925	1
R3IB	KO77HD	20260925	1
RN9FWW	LO88DA	20260925	1
YO5BZC	KN17SP	20260925	1
UK8FAH	MN41OG	20260925	1
SA0SBV	JO99AH	20260925	1
UA4FCY	LO23GG	20260925	1
M3GFR	IO91WM	20260925	1
R7KA	KN87SB	20260925	1
RN6AH	KN95RI	20260925	1
UR5MJ	KO50DE	20260925	1
R3SD	LO04HJ	20260925	1
SZ2KOZ	KN10GT	20260925	1
SQ9DHS	JN99HW	20260925	1
EW6BE	KO33TV	20260925	1
BH7EDH	OL68LF	20260925	1
R3AYJ	KO85TS	20260925	1
CN8JQ	IM64NA	20260925	1
UB9AEV	MO04DM	20260925	1
EI6FM	IO63WI	20260925	1
G4CG	IO91WM	20260925	1
VE2ZAZ	FN25BK	20260925	1
RA9CMN	NO66MA	20260925	1
R3RGD	LO02SR	20260925	1
UR3GJ	KN66RQ	20260925	1
SP2CPH	JO94HI	20260925	1
RA0ABT	NO66MA	20260925	1
R3GAAI	KO92NQ	20260925	1
RC3M	KO97OU	20260925	1
EW6SW	KO55DD	20260925	1
2E0MLC	IO91WM	20260925	1
M0KZC	IO91WM	20260925	1
US5FZ	KN56JO	20260925	1
SP7FMQ	JO91RS	20260925	1
R3TKT	LO26GL	20260925	1
R6DAO	KN95RI	20260925	1
SP9MX	JO90XB	20260925	1
DK8OL	JO44DV	20260925	1
RA3LPD	KO65MA	20260925	1
DL3SDV	JO32MA	20260925	1
RA9MS	NO66MA	20260925	1
UA6AB	KN95RI	20260925	1
G4LEC	IO91WM	20260925	1
I0CBD	JN62AA	20260925	1
F4L0VE	JN19AA	20260925	1
FT3DE	JN18EU	20260925	1
US3QZ	KO50DE	20260925	1
SQ9ONY	JO90XB	20260925	1
RA4ABI	LO20QB	20260925	1
DL1YL	JO32MA	20260925	1
DG9WAN	JO32MA	20260925	1
UA1OKO	LP13MM	20260925	1
RA9CAB	NO66MA	20260925	1
R2ABT	KO85TS	20260925	1
R9ALU	MO04DM	20260925	1
SA2KGN	JP97AA	20260925	1
DF2IT	JO32MA	20260925	1
IK3GZM	JN55MA	20260925	1
IU8MNI	JO22MA	20260925	1
UR6Y	KN28VE	20260925	1
UA6Y	LN04AP	20260925	1
R3RDL	LO02SR	20260925	1
R3AOE	KO85TS	20260925	1
OH2BXN	KP20LE	20260925	1
S54DL	JN76GB	20260925	1
II1KIZ	JN45AA	20260925	1
UB3GZI	KO92NQ	20260925	1
EW9BE	KO33TV	20260925	1
UB9WMF	LO84DL	20260925	1
RZ3DSA	KO85LQ	20260925	1
IU1GCR	JN45AA	20260925	1
IU1KAX	JN45AA	20260925	1
M0HON	IO91WM	20260925	1
EA4BW	IN81DJ	20260925	1
HS3LSV	OK14BX	20260925	1
G0FGFX	IO91WM	20260925	1
EP3ICH	LM55RR	20260925	1
RA3GDV	KO92NQ	20260925	1
M0SFP	IO91WM	20260925	1
OM1ASD	JN88OF	20260925	1
W6AAM	DM03US	20260925	1
KF0AGI	DM79LS	20260925	1
RZ9OU	NO66MA	20260925	1
UT6UZ	KO50DE	20260925	1
YL3GEK	KO27AA	20260925	1
YL3AKC	KO27AA	20260925	1
YL3IM	KO26AN	20260925	1
W7Y	DN11RG	20260925	1
RA9AEH	NO66MA	20260925	1
UA3ZHX	KO80RS	20260925	1
R4CGR	LO31IS	20260925	1
EP3CC	LM55RR	20260925	1
UT3UPD	KO50DE	20260925	1
SQ9LOJ	JO90JD	20260925	1
N5HYP	EM12MT	20260925	1
R3MV	KO97OU	20260925	1
RA4FVH	LO23GG	20260925	1
UA4PKF	LO55LN	20260925	1
CN8DMR	IM64NA	20260925	1
F1SYF	JN19AA	20260925	1
R3LV	KO65MA	20260925	1
UB3DZ	GG66QK	20260925	1
PA3GON	JO22KJ	20260925	1
DB4UM	JO32MA	20260925	1
OH5LS	KP20LE	20260925	1
BG5UWF	OL96PD	20260925	1
VE9EDI	FN76PM	20260925	1
DL6MHC	JO62RM	20260925	1
IU6LSJ	JN72FA	20260925	1
KC1KQZ	FN33VP	20260925	1
N2ZN	FN13AF	20260925	1
WB3BGK	FM19NV	20260925	1
R6DA	KN95RI	20260925	1
R6DLR	KN95RI	20260925	1
RA3TNM	LO26GL	20260925	1
G1HLC	IO91WM	20260925	1
UR3LDP	KN89DL	20260925	1
YO5AP	KN17SP	20260925	1
SP9WH	JO90XB	20260925	1
CT2HUU	IM58KQ	20260925	1
UK8FAV	MN41OG	20260925	1
DO9BM	JO42IG	20260925	1
9W2UPI	OJ13CM	20260925	1
WA8REN	EN91HK	20260925	1
KM4HRR	FM18HW	20260925	1
M7EJS	IO91WM	20260925	1
G0PSC	IO91WM	20260925	1
R5GAAI	KO92NQ	20260925	1
EA3GAN	JN11CK	20260925	1
DS1TLZ	PM37MN	20260925	1
IW8RRF	JM88GQ	20260925	1
LZ2NYK	KN23MA	20260925	1
VO2AU	FO93LW	20260925	1
R3HT	KO85LQ	20260925	1
R7RAY	KN64SI	20260925	1
WA9JBQ	EN61AM	20260925	1
WK4X	EM93DU	20260925	1
UA0QN	NO66MA	20260925	1
US5WDV	KO50DE	20260925	1
LB9GC	JP50MA	20260925	1
KE8B	EL87SE	20260925	1
YC2YIZ	OI52EF	20260925	1
K4WPX	EL89SQ	20260925	1
YB1HBO	OI33TC	20260925	1
RZ3BQ	KO85RS	20260925	1
IW4BFF	JN54PL	20260925	1
BX3AH	PL05SA	20260925	1
OH3UDT	KP20LE	20260925	1
YD2UUY	OI53FA	20260925	1
W4IPA	EM13PC	20260925	1
9W2EVR	OJ13CM	20260925	1
LZ2XF	KN33CI	20260925	1
R4ABI	LN29BR	20260925	1
YD6CZD	NJ75PN	20260925	1
BD4SDO	OM89FV	20260925	1
YD5AAN	OI09EA	20260925	1
TB1GNM	KN42AA	20260925	1
YD6AAF	NJ75PN	20260925	1
YC0SPU	OI33KT	20260925	1
ON5AIG	JO21AA	20260925	1
UD3SBG	LO04HJ	20260925	1
DG7AA	JO62RM	20260925	1
VE2ODX	FN59WF	20260925	1
9W2GLX	OJ13CM	20260925	1
YD2UIJ	OI53FA	20260925	1
BI1EZT	OM89FV	20260925	1
PD1BU	JO22KJ	20260925	1
ON4KTJ	JO20DU	20260925	1
BI1JBV	OM89FV	20260925	1
G7HJX	IO92AQ	20260925	1
R4CGL	LO31IS	20260925	1
TB1GN	KN42AA	20260925	1
YD2UUI	OI53FA	20260925	1
EA8NF	IL18UL	20260925	1
OH3EVO	KP20LE	20260925	1
KP43SB	EM83VE	20260925	1
JA3FMT	PM75VA	20260925	1
UW3QB	KN77QD	20260925	1
RA4FF	LO33HC	20260925	1
UA3DQ	KO85LQ	20260925	1
UN7EEH	MO43RG	20260925	1
R3TKC	LO26GL	20260925	1
PE4KH	JO22KJ	20260925	1
RQ6F	LN15PB	20260925	1
EA1J	IN72FN	20260925	1
RZ4PXO	LO55LN	20260925	1
RA4FCY	LO23GG	20260925	1
UA3UCV	LO06LX	20260925	1
YO7LOK	KN14VH	20260925	1
G7TJM	IO91WM	20260925	1
R2CGV	KO85TS	20260925	1
SO4W	KO13ND	20260925	1
UB4C	LO31IS	20260925	1
UT4UBH	KO50DE	20260925	1
EB2CBU	IN92EE	20260925	1
UT5LL	KO50DE	20260925	1
R6FFE	LN15PB	20260925	1
DO0BMW	JO32MA	20260925	1
R2GDV	KO92NQ	20260925	1
RQ6M	LN07OU	20260925	1
UR3QT	KO50DE	20260925	1
UR6ISU	KO50DE	20260925	1
UA3QN	LO01BB	20260925	1
R4FQY	LO23GG	20260925	1
DO4MBW	JO32MA	20260925	1
IZ1MDD	JN45AA	20260925	1
YO9GQX	KN34AW	20260925	1
DF8MS	JO32MA	20260925	1
RZ0OU	OO43PT	20260925	1
LM0POM	JP50MA	20260925	1
F4IAI	JN19AA	20260925	1
IZ1ASM	JN33TS	20260925	1
SP7CHR	JO91RT	20260925	1
YL3GU	KO27AA	20260925	1
G4CFP	IO83RO	20260925	1
IW9HPN	JM67KW	20260925	1
SQ3MZN	JO72OS	20260925	1
IT9CHU	JM76IW	20260925	1
UA0LGY	NO66MA	20260925	1
VU2CUW	ML89MA	20260925	1
RA0LKG	PN75IH	20260925	1
G7TRT	IO91WM	20260925	1
EW8B	KO33TV	20260925	1
DD5OO	JO32MA	20260925	1
N6AJ	DM05MJ	20260925	1
SP6NET	JO81MC	20260925	1
N8R	EN81JI	20260925	1
GI4OPH	IO74EP	20260925	1
G4UZE	IO91SO	20260925	1
IS0HYX	JM49NM	20260925	1
EA4CAZ	IN81DJ	20260925	1
SP8QEB	KO11GG	20260925	1
T70E	JN63FW	20260925	1
IS0EIR	JN61GV	20260925	1
IW8MNW	JN71AA	20260925	1
UB8CMH	MO09GO	20260925	1
UA4FDP	LO23GG	20260925	1
KI7QEK	DM33XI	20260925	1
UA0LLM	PN53XC	20260925	1
9A3U	JN75XT	20260925	1
FT3D	JN18EU	20260925	1
A64GC	LL74EL	20260925	1
G4USI	IO91WM	20260925	1
NR770H	EM83VE	20260925	1
TA3KAX	KN40AA	20260925	1
UB8CMF	MO08PQ	20260925	1
LZ1NY	KN12PQ	20260925	1
UV5RTP	KO51UE	20260925	1
UR5IAC	KN87RU	20260925	1
UT5ED	KN78ML	20260925	1
KO4AQF	EL98OF	20260925	1
VE2DDZ	FN35CL	20260925	1
RU4A	LN29BR	20260925	1
IZ8EDJ	JN70LO	20260925	1
R1HBJ	KO59DW	20260925	1
EW6KO	KO55CE	20260925	1
UB3PBS	KO83SW	20260925	1
R3GDV	KO92NQ	20260925	1
R3THJ	LO26GL	20260925	1
TG5ALY	EK44RP	20260925	1
K2A	FN21RE	20260925	1
UA3LDS	KO65MA	20260925	1
UA3QOR	LO01BB	20260925	1
LZ1NYR	JO22MA	20260925	1
R3OM	KO91OH	20260925	1
IK8XED	JN71AA	20260925	1
UA3GLO	KO92NQ	20260925	1
US5AT	JO32MA	20260925	1
YO6YLJ	KN26GM	20260925	1
UR5WAN	KO50DE	20260925	1
RA3ZCV	KO80RS	20260925	1
UR5NLL	KN48GT	20260925	1
R3DRV	KO85LQ	20260925	1
RA3ZCU	KO80RS	20260925	1
UT3QTN	KN77QD	20260925	1
RA4FQH	LO23GG	20260925	1
IU1GMK	JN45AA	20260925	1
DL1GB	JO52EG	20260925	1
MW0LNG	IO81JL	20260925	1
G0LEC	IO91WM	20260925	1
OH1JW	KP20LE	20260925	1
KP20NL	EM83VE	20260925	1
IK0ISO	JN62AA	20260925	1
OH8FKB	KP20LE	20260925	1
6W1TA	IK14GQ	20260925	1
SV1CPH	KM17UX	20260925	1
WA3IGU	FN10UB	20260925	1
EP6GSP	LM55RR	20260925	1
BH6ABO	OM81OU	20260925	1
R3YAO	KO62QW	20260925	1
R1WAN	KO47PH	20260925	1
UA3LO	KO65MA	20260925	1
R8QV	MO25JN	20260925	1
IW5WDP	JN53MA	20260925	1
F8IAP	JN18EU	20260925	1
EP6DSP	LM55RR	20260925	1
SQ9NOP	KO02MF	20260925	1
UR4MDE	KN98QN	20260925	1
SP9FXH	JO90XB	20260925	1
VU2DGR	ML89MA	20260925	1
4L5DJ	LN21JR	20260925	1
UA100X	KO96AA	20260925	1
DA3ANG	JO32MA	20260925	1
UR8CLC	KN59MC	20260925	1
R3DVW	KO85LQ	20260925	1
OH1KW	KP00HC	20260925	1
EB2CDI	IN92EE	20260925	1
UA1NDX	KP63MT	20260925	1
UR3TTT	KN39IK	20260925	1
YO7UO	KN14VH	20260925	1
OM4AJK	JN88ND	20260925	1
EW8B3	KO52LK	20260925	1
UY1IF	KO50DE	20260925	1
OM3KUK	JN88MA	20260925	1
G0JDL	JO02SI	20260925	1
RV3A	KO85ST	20260925	1
RA9FLR	LO88DA	20260925	1
OH5LR	KP20LE	20260925	1
9A2YU	JN75XT	20260925	1
US5VEO	KO50DE	20260925	1
G4DOC	IO91WM	20260925	1
EW3GV	JN61GV	20260925	1
SQ3PMN	KO02MF	20260925	1
UB6YCB	LN04AP	20260925	1
UX0IO	KO50DE	20260925	1
RA4PPO	LO55LN	20260925	1
UB9UXE	NO34OW	20260925	1
EA1FEN	IN81DJ	20260925	1
DD5ZZ	JO32MA	20260925	1
F8ALP	JN18EU	20260925	1
UR4FDP	KN56AA	20260925	1
DL1NI	JO62RM	20260925	1
RA4WR	LO67JG	20260925	1
DL3DSE	JO32MA	20260925	1
RL3QFR	LO01BB	20260925	1
RL3QCL	LO01BB	20260925	1
UA9YJL	NO66MA	20260925	1
F3XZ	JN18EU	20260925	1
UY0IO	KN88MM	20260925	1
R5VAE	LO06HB	20260925	1
UB9FAS	LO88DA	20260925	1
UA9FAS	NO66MA	20260925	1
BI8EZT	OM20AQ	20260925	1
YD8RPJ	JO32MA	20260925	1
4I1DWE	PK04MP	20260925	1
BI4SSB	OM92JB	20260925	1
RV3DCM	KO86MD	20260925	1
VU3CGL	ML88OP	20260925	1
GM7VEC	IO75VV	20260925	1
EW6SO	KO55CE	20260925	1
SP7PA	KO02MF	20260925	1
EP2HAM	LM55RR	20260925	1
G0TQM	IO91WM	20260925	1
IK4CBE	JN54AA	20260925	1
R1BHV	KO59DW	20260925	1
JA1TJV	PM95VQ	20260925	1
IU1IEC	JN45AA	20260925	1
SV4CPH	KM19FP	20260925	1
SA3PJN	JP93AA	20260925	1
IW5DWP	JN61GV	20260925	1
DL3SDE	JO62RM	20260925	1
R2GV	KO96AA	20260925	1
UT9MS	KO50DE	20260925	1
R20M	KO96AA	20260925	1
IK2CBE	JN45AA	20260925	1
R8CAS	MO08PQ	20260925	1
SP7PDL	JO91RS	20260925	1
2E0MDQ	IO91WM	20260925	1
9A8RA	JN75XT	20260925	1
UB5EFD	KO82FU	20260925	1
EP5HAM	LM55RR	20260925	1
EW8IB	KO52LK	20260925	1
UR5EFD	KN78MM	20260925	1
RV6ARZ	KN84PV	20260925	1
SP5QWK	KO02KF	20260925	1
ON3URT	JO10QR	20260925	1
F4D	JN18EU	20260925	1
R9MAQ	NO66MA	20260925	1
HB9ECS	JN37SN	20260925	1
GW4LXA	IO81JL	20260925	1
UA1TDP	KO68EK	20260925	1
RZ3DCJ	KO04GQ	20260925	1
M0FAZ	IO91WM	20260925	1
YU7BQP	JN95WG	20260925	1
UA1OOX	LP13MM	20260925	1
E22FFJ	OK03LI	20260925	1
UR7HSK	KN69SN	20260925	1
US5MAI	KO50DE	20260925	1
RX9UDZ	NO66MA	20260925	1
UR3LC0	KN89DL	20260925	1
R9SCT	LO72TD	20260925	1
RZ9FLW	LO88DA	20260925	1
RA9SCT	NO66MA	20260925	1
UB9CEK	MO08PQ	20260925	1
VE3ELB	FN03GQ	20260925	1
ON4UZ	JO21AA	20260925	1
RA3DAV	KO85QR	20260925	1
G0URR	IO91WM	20260925	1
DL3KDE	JO32MA	20260925	1
UT3CTB	KN59MC	20260925	1
YL3BAW	KO27AA	20260925	1
UK8AK	MN41OI	20260925	1
R4FF	LO23GG	20260925	1
UR3KO	KO30DV	20260925	1
R0SCM	OO37AI	20260925	1
G4WQG	IO91WM	20260925	1
GB9WDF	IO91WM	20260925	1
G7LLQ	IO91WM	20260925	1
K0KN	EM28OV	20260925	1
M0CTP	IO91WM	20260925	1
RA1DTP	KO59DW	20260925	1
UB3ATK	KO85TS	20260925	1
IW5ELM	JN53IV	20260925	1
RK3DQT	KO85LQ	20260925	1
UA6WEZ	LN33KC	20260925	1
IZ1MQ	JN45AA	20260925	1
UR3LCO	KN89DL	20260925	1
SP8HEB	KO02MF	20260925	1
SQ9PPW	JO90XB	20260925	1
GJ0KYZ	IN89WF	20260925	1
2E0FRS	IO91WM	20260925	1
9A1GW	JN75XT	20260925	1
HA3OK	JN96BJ	20260925	1
IW5CSL	JN61GV	20260925	1
EA1Z	IN72RA	20260925	1
EA5BLD	IM98RI	20260925	1
RA4QH	LO55LN	20260925	1
UA3YDR	KO62QW	20260925	1
EW75PP	KO33QM	20260925	1
R2DQO	KO85LQ	20260925	1
GB5VE	IO91WM	20260925	1
DL1YAJ	JO32MA	20260925	1
RL3ZE	KO80RS	20260925	1
PD9DTB	JO22MA	20260925	1
R4FAV	LO23GG	20260925	1
UA1OO	LP13MM	20260925	1
2E0FAQ	IO82WS	20260925	1
G4WXE	IO91WM	20260925	1
DL6OCH	JO32MA	20260925	1
RP75KZ	KO96AA	20260925	1
DL6DP	JO31TF	20260925	1
DG8YB	JO62RM	20260925	1
UK8GAG	MN50VI	20260925	1
GM0CIF	IO75VV	20260925	1
YO6QCM	KN25BS	20260925	1
SM0IFP	JO99CF	20260925	1
EW4RB	KO13WQ	20260925	1
F4IJH	JN19AA	20260925	1
RP75YN	KO96AA	20260925	1
JA9GEW	PM86CB	20260925	1
RV75PP	KO96AA	20260925	1
EA4CAU	IN81DJ	20260925	1
Y7VG	JO32MA	20260925	1
EV75PP	KO33QM	20260925	1
FT1D	JN18EU	20260925	1
OE3HNW	JN78TF	20260925	1
UA0SCN	OO37AI	20260925	1
RA9FJW	LO88DA	20260925	1
RP75WK	KO96AA	20260925	1
RP75HW	KO96AA	20260925	1
OH0LK	JP90WD	20260925	1
RP75PP	KO96AA	20260925	1
JJ1GLJ	PM95VQ	20260925	1
RA1LK	KO59DW	20260925	1
CT2GQL	IN50RW	20260925	1
BI4PBW	OM86MQ	20260925	1
UD6AHS	KN95RI	20260925	1
R0UA	OO61VT	20260925	1
RA0US	NO66MA	20260925	1
RO7N	LN07OU	20260925	1
IU1JFE	JN45AA	20260925	1
LX1LW	JN39BO	20260925	1
RP75TA	KO96AA	20260925	1
RK2DVI	KO85LQ	20260925	1
RZ9UO	NO33HV	20260925	1
DH1CAD	JO52UA	20260925	1
DL7OCH	JO52KE	20260925	1
GW5VXE	IO81JL	20260925	1
RZ9UA	NO66MA	20260925	1
UK8AIM	MN41OG	20260925	1
EB2CBV	IN92EE	20260925	1
R0SAU	OO37AI	20260925	1
RA6LOF	LN07OU	20260925	1
I2GZZ	JN45AA	20260925	1
SV8RV	KM07KS	20260925	1
UUK8AKD	KO50AA	20260925	1
OY1RT	IP62OA	20260925	1
UR5TL	KN38HQ	20260925	1
RA1FLW	KO59DW	20260925	1
JA0MRW	PM96CP	20260925	1
M0WHK	IO91WM	20260925	1
IT9YML	JM68QB	20260925	1
EW3SA	KO33TV	20260925	1
R2DYC	KO85LQ	20260925	1
EA2BMJ	IN92EE	20260925	1
R0US	OO94AA	20260925	1
DG6XU	JO62RM	20260925	1
RA3BM	KO85TS	20260925	1
R3AAI	KO85TS	20260925	1
M7SZY	IO91WM	20260925	1
IW5CXT	JN53MA	20260925	1
EA3MM	JN11BJ	20260925	1
G0FRS	IO91WM	20260925	1
EA1CCT	IN53QG	20260925	1
RA6UK	LN37OF	20260925	1
SQ3TGO	JO72OS	20260925	1
BI7MP	OL63OD	20260925	1
UR5FN	KN56AA	20260925	1
R1NO	KP63MT	20260925	1
M0FRS	IO91WM	20260925	1
IN3EBC	JN56QM	20260925	1
IC92D	JN61GV	20260925	1
EB3SQ	JN11CK	20260925	1
F5MKD	JN38UP	20260925	1
UT1DX	KN18EP	20260925	1
IU1EK	JN45AA	20260925	1
IU4UBP	JN54AA	20260925	1
OH7FVG	KP33ON	20260925	1
DL3MLR	JO32MA	20260925	1
R4FCV	LO23GG	20260925	1
IW7OTB	JN80MA	20260925	1
R3BM	KO85TS	20260925	1
RA3SCV	LO04HJ	20260925	1
UR9MU	KO50DE	20260925	1
IK4DFE	JN54AA	20260925	1
UN7GNRB	MN83LG	20260925	1
UR3ZCV	KN57VF	20260925	1
OK5DN	JO70FB	20260925	1
RA3ZAV	KO80RS	20260925	1
IW0RGA	JN61GV	20260925	1
DL7UAF	JO32MA	20260925	1
UR5EH	KN78ML	20260925	1
SP5XSN	KO02MF	20260925	1
IK4MLV	JN54AA	20260925	1
R9LRTNX	MO47MT	20260925	1
RK9DVI	MO08PQ	20260925	1
UB9JKH	MP52CG	20260925	1
IZ1MHY	JN44WD	20260925	1
R4AMW	LN29BR	20260925	1
RZ4AMW	LN29BR	20260925	1
DG5UWF	JO32MA	20260925	1
IW6DZN	JN63AA	20260925	1
SV6S	KM09GE	20260925	1
BH5HDE	PM00CG	20260925	1
IW1GPR	JN61GV	20260925	1
JR6PL	PL36XL	20260925	1
UR5HKS	KN69SN	20260925	1
RZ9ZD	NO30LW	20260925	1
A60SH	LL74EL	20260925	1
EX8MEM	MN72HV	20260925	1
UV5RE	KO51UE	20260925	1
OY7LKO	IP62OA	20260925	1
R2APQ	KO85TS	20260925	1
EA5T	IM99BA	20260925	1
VK2AOR	QF44NR	20260925	1
4F1OZ	PK04KL	20260925	1
VU3BXS	ML89MA	20260925	1
UA6ABM	KN95RI	20260925	1
R5AIC	KO85TS	20260925	1
SP9IDA	JO90XB	20260925	1
SP8G	KO11GG	20260925	1
UR5VCQ	KN68NP	20260925	1
EZ8MEM	LM98EA	20260925	1
R9CX	NO66MA	20260925	1
IO0ABI	JN62AA	20260925	1
JN1CNJ	PM95VQ	20260925	1
RV3DCV	KO85LQ	20260925	1
R9CCX	MO08PQ	20260925	1
UA0IC	NO66MA	20260925	1
VK6XL	QF44NR	20260925	1
DU9JJH	PJ28MA	20260925	1
VK3MQ	QF22QE	20260925	1
BH3MVA	OM78GA	20260925	1
YL3AAY	KO26BW	20260925	1
R9HCH	NO18BS	20260925	1
GM7PBB	IO68UM	20260925	1
EA5EZ	IN81DJ	20260925	1
HB9EKO	JN37SN	20260925	1
OR7M	JO20DU	20260925	1
S45LD	JN36BF	20260925	1
RA9ALF	NO66MA	20260925	1
ON9DJ	JO20DU	20260925	1
G0FGI	IO91WM	20260925	1
RN9L	MO47MT	20260925	1
RU3MQ	KO97OU	20260925	1
RU4UAR	LO24FK	20260925	1
EW6AS	KO33TV	20260925	1
EA3GRW	IN81DJ	20260925	1
OH3ERV	KP20LE	20260925	1
UV6AS	KO60XT	20260925	1
R2DX	KO85WW	20260925	1
JK2XXR	PM85KE	20260925	1
VK2DWT	QF44NR	20260925	1
UB9OFD	MO95SK	20260925	1
IZ1FXC	JN45AA	20260925	1
RV3CHB	KO85TS	20260925	1
UN7EGN	MO43RG	20260925	1
UW5EKX	KO50DE	20260925	1
R4IF	LO53FK	20260925	1
UK8FAL	MN41OG	20260925	1
SP4JLT	KO13OC	20260925	1
SQ3GJ	JO72OS	20260925	1
DO7OMB	JO32MA	20260925	1
DW9ILX	PJ28MA	20260925	1
YC8FXI	OI33KT	20260925	1
UN7RPD	MN37US	20260925	1
EA8TJ	IL18QG	20260925	1
ON4CV	JO21AA	20260925	1
UR1CCF	KN59MC	20260925	1
JA0KEK	PM96CP	20260925	1
EU4KC	KO13WQ	20260925	1
R0LEN	PN75IH	20260925	1
G7LLC	IO91WM	20260925	1
VK2PET	QF44NR	20260925	1
VK2NRC	QF56OB	20260925	1
R2XM	KO96AA	20260925	1
RA9FJK	LO88DA	20260925	1
RU0LA	NO66MA	20260925	1
IW2LXD	JN45IV	20260925	1
RK3DKN	KO85LQ	20260925	1
RV3DMK	KO85LQ	20260925	1
VK4TP	QF44NR	20260925	1
ON5CJQ	JO21AA	20260925	1
RA9MAQ	MO66PF	20260925	1
UN7GR	MN83LG	20260925	1
JA4JGU	PM75CJ	20260925	1
DO4ABS	JO32MA	20260925	1
OH4JVC	KP20LE	20260925	1
EA7AZH	IN81DJ	20260925	1
OH4VJC	KP20LE	20260925	1
G0GFX	IO91WM	20260925	1
UN8GK	MN83LG	20260925	1
2E0GRW	IO91WM	20260925	1
DL1HD	JO62RM	20260925	1
RU0AI	KP40SE	20260925	1
F1SSF	JN15VW	20260925	1
DL6KEB	JO32MA	20260925	1
VK3EJ	QF24TB	20260925	1
EP3CIH	LM55RR	20260925	1
UR5AIJ	KO60XT	20260925	1
JA8KKG	PM95VQ	20260925	1
VK4EM	QG52TH	20260925	1
R8XK	LP74FG	20260925	1
U3TNK	LO26GL	20260925	1
R8XI	LP74FG	20260925	1
CS8ABI	IM58KQ	20260925	1
UN7PHH	MN69OU	20260925	1
9W8DNX	OJ51DN	20260925	1
YF3BNG	OI62IS	20260925	1
R9UAR	NO34OW	20260925	1
SQ9MYQ	JO90XB	20260925	1
EA7JV	IM77AJ	20260925	1
UK8HKD	MN41OG	20260925	1
JA7ODY	QM08LF	20260925	1
VK4KLA	QF44NR	20260925	1
UA6ABL	KN95RI	20260925	1
DO5OCD	JO32MA	20260925	1
F1UGL	JN19AA	20260925	1
M6DNU	IO91WM	20260925	1
W5RTX	EM12SW	20260925	1
S59EP	JN76GB	20260925	1
SQ3GJS	JO72OS	20260925	1
F1UGQ	JN19AA	20260925	1
R5VBQ	KO22OK	20260925	1
UR5BS	KN29QH	20260925	1
R9UGS	NO34OW	20260925	1
R2FRV	KO04DK	20260925	1
JA7FLI	PM95VQ	20260925	1
EA3AA	JN11CK	20260925	1
UT6EJ	KO50DE	20260925	1
UA3UPD	LO07SA	20260925	1
UA6CBL	KN95RI	20260925	1
UB9FLW	LO88DA	20260925	1
9W2JBH	OJ13CM	20260925	1
UA3ZQN	KO80RS	20260925	1
OH8KX	KP20LE	20260925	1
PD8JT	JO22MA	20260925	1
OH4OGC	KP20LE	20260925	1
JR7XWR	QN00IT	20260925	1
IW1WTO	JN45AA	20260925	1
UR6HKS	KN69SN	20260925	1
IK4HPZ	JN61GV	20260925	1
UA1ZQN	KP57GN	20260925	1
9W2ZNL	OJ13CM	20260925	1
ON4CJ	JO21AA	20260925	1
ON4VP	JO21LB	20260925	1
DF1LK	JN57XV	20260925	1
RK4U	LO24FK	20260925	1
EV8BE	KO52LK	20260925	1
OH4EBD	KP20LE	20260925	1
UR4LM	KN89DL	20260925	1
9W2GEE	OJ13CM	20260925	1
BH8VWX	OL15IB	20260925	1
4I1AGI	PK04MP	20260925	1
PA3DVR	JO22KJ	20260925	1
SB3SA	JP93AA	20260925	1
UB9ABK	MO04DM	20260925	1
ON4CJV	JO20DU	20260925	1
RK7N	LN07OU	20260925	1
G5GX	IO93WT	20260925	1
EB4SA	IN81DJ	20260925	1
DL4GP	JO62RM	20260925	1
EU8RB	KO52LK	20260925	1
OH8JP	KP20LE	20260925	1
JK2KKX	PM85KE	20260925	1
US5MOJ	KO50DE	20260925	1
R9ODZ	MO95SK	20260925	1
PD4DHB	JO22MA	20260925	1
JS1XUG	PM95VQ	20260925	1
IW0HES	JN62AA	20260925	1
EK3SA	LM39IS	20260925	1
IW2NCY	JN45AA	20260925	1
OH3AYA	KP20LE	20260925	1
W1Y	FN42DJ	20260925	1
UB9CJL	MO08PQ	20260925	1
UR3PGV	KO50DE	20260925	1
IZ4GXC	JN54AA	20260925	1
IW2GVC	JN45AA	20260925	1
R4ABW	LN29BR	20260925	1
DJ0JT	JO32MA	20260925	1
IU9LBM	JM68QB	20260925	1
IW3RGX	JN55MA	20260925	1
JA3YEA	PM75VA	20260925	1
IW0GZY	JN62AA	20260925	1
MM0EDZ	IO75VV	20260925	1
R4PPO	LO55LN	20260925	1
IW0RZY	JN61GV	20260925	1
KP34UF	EM83VE	20260925	1
OH6AYA	KP22IG	20260925	1
UR7HKD	KN69SN	20260925	1
IT9YBL	JM77MM	20260925	1
R4FC	LO23GG	20260925	1
IV3RGX	JN66OB	20260925	1
BG2IAC	OM89FV	20260925	1
9A3MR	JN83FM	20260925	1
UA0AEK	NO59UV	20260925	1
YG3FLB	OI62IS	20260925	1
9W8VWW	OJ51DN	20260925	1
R1BEN	KO59DW	20260925	1
S52OP	JN76WK	20260925	1
TA2ERO	KN60MA	20260925	1
IZ6BMP	JN61GV	20260925	1
IK5RSR	JN53MA	20260925	1
9A3RM	JN75XT	20260925	1
KT0F	DM79LO	20260925	1
R3TKI	LO26GL	20260925	1
UN7GB	MN83LG	20260925	1
R2VAV	LO06HB	20260925	1
S58OP	JN76GB	20260925	1
JR7WXR	QN00IT	20260925	1
IW7DZM	JN80MA	20260925	1
IZ7ZHI	JN80MA	20260925	1
UR3RHD	KO51UE	20260925	1
UA4FCD	LO23GG	20260925	1
F6KRK	JN18AS	20260925	1
4L4BB	LN21JR	20260925	1
OZ8VO	JO56AL	20260925	1
UB4FGW	LO23GG	20260925	1
R1WBK	KO47PH	20260925	1
IU4MEP	JN54NU	20260925	1
UK8APD	MN41OG	20260925	1
EP3IHD	LM55RR	20260925	1
KI7DXT	DN01XC	20260925	1
4L1AA	LN21JR	20260925	1
RW6N	LN07OU	20260925	1
UR7IDH	KO50DE	20260925	1
JA6GGM	PM53GO	20260925	1
IU8JNH	JN71AA	20260925	1
IW0ETS	JN62AA	20260925	1
SQ5VCO	KO02MF	20260925	1
R3IC	KO77HD	20260925	1
UA9A	MO04DM	20260925	1
DL5GAB	JO32MA	20260925	1
R1NA	KP63MT	20260925	1
N5UP	EM22CU	20260925	1
RA6FEN	LN15PB	20260925	1
UR2RA	KO51UE	20260925	1
UW5ELX	KN78HJ	20260925	1
OK9DDS	JO70FB	20260925	1
R7GN	LN15PB	20260925	1
UR3QBF	KN77NU	20260925	1
YC5ABK	OI09EA	20260925	1
YD8ACD	PI19NK	20260925	1
G7TGK	IO91WM	20260925	1
R2GDD	KO92NQ	20260925	1
UR7MS	KO50DE	20260925	1
IZ3UDM	JN55MA	20260925	1
UK7DAN	MN23AA	20260925	1
KB5FHK	EM60PL	20260925	1
UY5IO	KN87RU	20260925	1
EA3GXA	JN11BL	20260925	1
UB4HQJ	LO53FK	20260925	1
RA9MR	NO66MA	20260925	1
UR4IF	KN87RU	20260925	1
PH3V	JO21GM	20260925	1
UR9MRS	KN98HU	20260925	1
BH8PHG	OL36IN	20260925	1
EA5GJ	IM99BA	20260925	1
DL4AE	JO32MA	20260925	1
UR9IHD	KN87RU	20260925	1
G4GVD	IO91WM	20260925	1
UR5CTB	KO50DE	20260925	1
UR9UY	KO50DE	20260925	1
4L4NW	LN22OA	20260925	1
YG3FEO	OI33KT	20260925	1
UW7DK	KN18MH	20260925	1
2E0VVG	IO91WM	20260925	1
TC105GL	KN60MA	20260925	1
R1WBJ	KO47PH	20260925	1
UB4HQF	LO53FK	20260925	1
UA9CMR	MO08PQ	20260925	1
BI6JAE	OM64TT	20260925	1
EA3AYM	JN11CK	20260925	1
4L4DMA	LN21JR	20260925	1
R6FAV	LN15PB	20260925	1
9M2LAN	OJ13CM	20260925	1
DO4ASB	JO32MA	20260925	1
PD4HDP	JO22MA	20260925	1
OH1EB	KP20KE	20260925	1
OH4EDB	KP20LE	20260925	1
UB9OFG	MO95SK	20260925	1
BH8PUN	OL36IN	20260925	1
DL1AYK	JO32MA	20260925	1
OH6AIA	KP20LE	20260925	1
BD9FHF	OM44KG	20260925	1
EC1R	IN81DJ	20260925	1
EA1PAH	IN72FN	20260925	1
R4AC	LN29BR	20260925	1
UA8AAR	MO04DM	20260925	1
OE8FBF	JN76DP	20260925	1
YO7LCO	KN14VH	20260925	1
RV9HB	NO18BS	20260925	1
BH4ESM	PM01RF	20260925	1
EW8DE	KO33TV	20260925	1
DU1AU	PK04MQ	20260925	1
R6AS	KN84PV	20260925	1
ES7AGW	KO29JK	20260925	1
YD1SCC	OI33TC	20260925	1
EW8SE	KO52LK	20260925	1
G4GWB	IO91WM	20260925	1
YL2GU	KO27AA	20260925	1
OM1UY	JN88ND	20260925	1
RA9CQK	NO66MA	20260925	1
EA1FCX	IO75VV	20260925	1
G4GCX	IO91WM	20260925	1
DO5ABC	JO32MA	20260925	1
BG7UWF	OL42DU	20260925	1
R4SAI	LO36WQ	20260925	1
SP9HGN	JO90XB	20260925	1
RA3OBQ	LO01BB	20260925	1
G4WUS	IO91WM	20260925	1
JH1OLB	PM96SA	20260925	1
IW0ERX	JN62AA	20260925	1
UB8ZAG	NO66MA	20260925	1
UA9MBQ	NO66MA	20260925	1
EU3AA	KO33XR	20260925	1
R9FDA	LO88DA	20260925	1
UA9YTC	NO12HS	20260925	1
EI2GLB	IO63MD	20260925	1
DG0CAW	JO30LW	20260925	1
EU1AED	KO33TV	20260925	1
SP3N	KO02MF	20260925	1
EP3OG	LM55RR	20260925	1
UN7GNN	MN83LG	20260925	1
SA0BCV	JO99AH	20260925	1
UT5IAC	KN87RU	20260925	1
4L1NW	LN21JR	20260925	1
F4EPP	IN97BT	20260925	1
PD2HDB	JO22MA	20260925	1
UA9CMN	MO08PQ	20260925	1
PA4UL	JO21WA	20260925	1
LA7HAA	JP78MV	20260925	1
RA6UAB	LN37OF	20260925	1
UA6AQD	KN95RI	20260925	1
UA4FCS	LO23GG	20260925	1
TA2ER	KM69KW	20260925	1
G4WUZ	IO91WM	20260925	1
YD5ABK	OI33KT	20260925	1
4L1BB	LN21JR	20260925	1
IS0GQX	JM49NE	20260925	1
UR4LRH	KN89DL	20260925	1
OH1YU	KP20LE	20260925	1
R9MC	MO66PF	20260925	1
IW6EGJ	JN63AA	20260925	1
SQ9MAS	KO02MF	20260925	1
EA5GZ	IM99BA	20260925	1
R8CBV	MO06GT	20260925	1
E96SW	JN36BF	20260925	1
II2BIA	JN45AA	20260925	1
V26MV	FK97GB	20260925	1
DF3JO	JO31PU	20260925	1
YU1ZMZ	KN04FT	20260925	1
RX6ADQ	KN95RI	20260925	1
EP2WGA	LM55RR	20260925	1
EM30UCC	KO50AA	20260925	1
DD3CF	JO62RM	20260925	1
VP2MCV	FK86VQ	20260925	1
DL0AB	JO40MA	20260925	1
US2RS	KO51UE	20260925	1
KP11UB	EM83VE	20260925	1
R2AFV	KO85TS	20260925	1
SP4RAN	KO13ND	20260925	1
PI4DDV	JO22MA	20260925	1
R1110WG	KO96AA	20260925	1
RA4FWA	LO23GG	20260925	1
SA0SAW	JO99AH	20260925	1
R2FB	KO04DK	20260925	1
R1WBJH	KO47PH	20260925	1
F4XV	JN18EU	20260925	1
IW9ABZ	JM68QD	20260925	1
GM4MOX	IO86KC	20260925	1
IT9ETV	JM68QB	20260925	1
LL74FK	JP50MA	20260925	1
IW2GZZ	JN45AA	20260925	1
TA2SEA	KN60MA	20260925	1
S55VC	JN76GB	20260925	1
UB8ABA	MO04DM	20260925	1
UA3ZIA	KO80RS	20260925	1
EA8DDS	IL18UL	20260925	1
EB2BJM	IN92EE	20260925	1
IZ1HNY	JN45AA	20260925	1
RW3N	LO18UN	20260925	1
R3XAR	KO74RK	20260925	1
OH3EXY	KP20LE	20260925	1
DL6BC	JO32MA	20260925	1
UX1C	KN59MC	20260925	1
UR5CPC	KN59MC	20260925	1
RX3CDZ	KO85TS	20260925	1
UN7GD	MN83LG	20260925	1
IK0IUO	JN62AA	20260925	1
UA9CEK	MO08PQ	20260925	1
ON5RU	JO21AA	20260925	1
IT9YTF	JM68QB	20260925	1
SQ7OFL	JO91RS	20260925	1
RU5FV	KO85LQ	20260925	1
DL4EM	JO31GH	20260925	1
F4AFE	JN39GG	20260925	1
IW2BTA	JN61GV	20260925	1
R4ADP	LN29BR	20260925	1
IW2BBA	JN61GV	20260925	1
UR7HID	KN69SN	20260925	1
UR9MC	KN98JL	20260925	1
RU9MS	NO66MA	20260925	1
RW4PZ	LO55VP	20260925	1
PW4PZ	GH53IG	20260925	1
A65FH	LL74EL	20260925	1
RA4PBZ	LO55LN	20260925	1
EA2DVT	IN91NP	20260925	1
OH3BPU	KP20LE	20260925	1
OE3JDB	JN88EE	20260925	1
DL6BCX	JO62RM	20260925	1
BG7TVF	OL42DU	20260925	1
IT9UR	JM68QB	20260925	1
SQ7BFC	KO02MF	20260925	1
EW9OI	KO33TV	20260925	1
RA1AEL	KO59EW	20260925	1
DL8NEB	JO50DA	20260925	1
DA1BBE	JO32MA	20260925	1
RV9WY	NO66MA	20260925	1
ON4BN	JO20DU	20260925	1
OE3JTB	JN78SM	20260925	1
R9AVL	MO04DM	20260925	1
UA9FFA	LO88DA	20260925	1
EW8CD	KO33TV	20260925	1
RA1OG	LP13MM	20260925	1
RK3CTB	KO85TS	20260925	1
OK6CX	JN89NL	20260925	1
OK6MC	JO70FB	20260925	1
